layer,LU,FI,EE,V,OP,BS
44,BUSINESS,0,0,G,0,0
45,TRANSPORTATION,0,1,G,0,0
46,BUSINESS,0,0,G,0,0
47,BUSINESS,0,0,G,0,0
48,RESERVE,0,1,G,0,0
49,RESERVE,0,0,G,0,0
50,RESERVE,0,0,G,0,0
139,TRANSPORTATION,0,1,G,0,0
140,TRANSPORTATION,0,1,B,0,1
141,BUSINESS,0,3,B,0,3
142,BUSINESS,0,3,A,94.602664,4
143,RESERVE,0,13,B,0,1
144,RESERVE,0,0,B,0,0
145,RESERVE,0,0,B,0,0
146,RESERVE,0,0,G,0,0
147,RESERVE,0,0,G,0,0
233,RESERVE,0,0,G,0,0
234,BUSINESS,0,0,D,0,0
235,TRANSPORTATION,0,1,F,0,0
236,BUSINESS,0,1,A,0,2
237,BUSINESS,0,2,B,0,7
238,BUSINESS,0,3,B,142.003868,4
239,RESIDENTIAL,0,106,F,0,5
240,RESERVE,0,2,B,0,3
241,RESERVE,0,6,B,0,1
242,RESERVE,0,0,B,0,1
243,TRANSPORTATION,0,0,E,0,0
244,GREENERY,0,1,E,0,2
245,RESERVE,1,0,B,0,0
246,RESERVE,0,0,G,0,0
328,RESERVE,0,0,G,0,0
329,BUSINESS,0,3,D,0,0
330,BUSINESS,0,0,E,0,0
331,BUSINESS,0,7,B,0,1
332,BUSINESS,0,25,B,0,4
333,BUSINESS,0,11,B,0,1
334,BUSINESS,0,6,B,0,0
335,RESIDENTIAL,2,17,B,0,4
336,RESIDENTIAL,2,0,F,0,4
337,RESIDENTIAL,2,3,D,0,2
338,RESIDENTIAL,0,0,D,0,3
339,RESIDENTIAL,0,1,E,120.725604,3
340,RESIDENTIAL,2,1,D,0,3
341,RESIDENTIAL,0,0,D,0,0
342,RESERVE,0,1,D,0,0
343,RESERVE,0,0,G,0,0
344,RESERVE,0,0,G,0,0
345,RESERVE,0,0,G,0,0
409,GREENERY,0,0,G,0,0
410,GREENERY,0,0,G,0,0
411,GREENERY,0,0,G,0,0
412,GREENERY,0,0,G,0,0
421,COMMERCIAL,0,0,G,0,0
422,RESERVE,0,0,G,0,0
423,RESERVE,0,1,G,60.877482,2
424,RESERVE,0,0,F,0,2
425,BUSINESS,0,0,D,0,2
426,BUSINESS,0,37,D,0,2
427,BUSINESS,0,21,B,0,2
428,BUSINESS,0,0,B,0,4
429,BUSINESS,0,11,B,0,1
430,BUSINESS,0,35,B,0,3
431,RESIDENTIAL,2,20,B,0,3
432,RESIDENTIAL,25,30,B,74.442,9
433,RESIDENTIAL,4,9,F,56.147617,5
434,RESIDENTIAL,1,8,E,0,4
435,RESIDENTIAL,0,14,F,2.722495,2
436,RESERVE,0,0,D,0,0
437,RESERVE,0,0,D,0,0
438,RESERVE,0,0,D,0,0
439,RESERVE,0,0,D,0,0
440,RESERVE,0,0,G,0,0
441,RESERVE,0,0,G,0,0
442,RESERVE,0,0,G,0,0
503,RESERVE,0,0,G,0,0
504,RESERVE,0,0,G,0,0
505,RESERVE,0,0,D,0,0
506,GREENERY,0,0,D,0,0
507,GREENERY,0,0,D,0,0
508,GREENERY,0,0,G,0,0
509,GREENERY,0,0,G,0,0
511,RESERVE,0,0,G,0,0
512,RESERVE,0,0,G,0,0
517,COMMERCIAL,0,1,G,66.838472,1
518,RESERVE,0,14,G,0,0
519,RESERVE,0,0,D,0,2
520,RESIDENTIAL,0,41,B,0,0
521,COMMERCIAL,0,0,B,0,0
522,RESERVE,0,14,B,0,1
523,BUSINESS,4,12,B,0,4
524,RESIDENTIAL,1,34,B,0,4
525,BUSINESS,0,6,B,138.7561,7
526,BUSINESS,0,42,A,709.879518,3
527,RESIDENTIAL,8,1,B,1231.01509,9
528,RESIDENTIAL,35,91,B,1025.146353,11
529,GREENERY,1,16,B,1044.46292,7
530,RESIDENTIAL,1,10,F,885.534953,2
531,RESIDENTIAL,0,6,F,0,4
532,RESERVE,0,0,D,0,0
533,RESERVE,0,0,D,0,0
534,RESERVE,0,0,D,0,0
535,RESERVE,0,0,G,0,0
536,RESERVE,0,0,G,0,0
537,RESERVE,0,0,G,0,0
538,RESERVE,0,0,G,0,0
598,RESERVE,0,0,G,0,0
599,RESERVE,0,0,C,0,3
600,GREENERY,0,0,E,0,0
601,GREENERY,0,0,D,0,0
602,GREENERY,0,0,D,0,0
603,GREENERY,0,0,D,0,0
604,GREENERY,0,1,B,0,1
605,GREENERY,0,0,B,0,0
606,GREENERY,0,0,D,0,0
607,RESERVE,0,0,G,0,0
608,RESERVE,0,0,G,0,0
609,RESERVE,0,0,G,0,0
610,RESERVE,0,0,G,0,0
611,RESERVE,0,0,G,0,0
612,RESERVE,0,0,D,0,0
613,COMMERCIAL,0,0,B,1424.456976,3
614,RESIDENTIAL,13,1,B,0,8
615,BUSINESS,10,79,B,182.594282,6
616,GREENERY,0,2,A,0,4
617,COMMERCIAL,1,24,B,173.7813,3
618,RESIDENTIAL,11,21,B,105.594535,5
619,RESIDENTIAL,9,41,B,0,5
620,RESIDENTIAL,2,7,B,190.601773,5
621,RESIDENTIAL,1,0,B,1924.693783,7
622,RESIDENTIAL,0,4,F,703.499983,2
623,RESERVE,1,12,D,80.458278,0
624,RESIDENTIAL,8,10,B,132.780811,5
625,RESIDENTIAL,2,64,F,0,5
626,RESIDENTIAL,1,11,A,736.605343,2
627,RESIDENTIAL,1,23,F,566.226067,2
628,BUSINESS,0,3,B,0,0
629,RESERVE,0,7,B,0,0
630,RESERVE,0,0,D,0,0
631,RESERVE,0,0,D,0,0
632,RESERVE,0,0,D,0,0
633,RESERVE,0,0,G,0,0
634,RESERVE,0,0,D,0,0
635,RESERVE,0,0,G,0,0
636,RESERVE,0,0,G,0,0
693,RESERVE,0,0,G,0,0
694,RESERVE,0,0,G,0,0
695,RESERVE,0,0,E,0,3
696,GREENERY,0,0,E,0,0
697,RESERVE,0,0,D,0,0
698,GREENERY,0,0,G,0,0
699,GREENERY,0,0,D,0,1
700,GREENERY,0,1,F,0,1
701,GREENERY,0,0,D,0,3
702,GREENERY,0,0,D,500.547271,1
704,RESERVE,0,0,G,0,1
705,RESERVE,0,0,G,0,0
706,RESERVE,0,0,G,0,1
707,RESERVE,0,0,G,0,0
708,RESERVE,0,3,D,0,3
709,TRANSPORTATION,0,1,B,2300.114711,3
710,RESIDENTIAL,2,9,D,0,3
711,RESIDENTIAL,11,25,B,0,6
712,RESIDENTIAL,0,26,F,0,3
713,RESIDENTIAL,2,51,B,1106.551366,7
714,RESIDENTIAL,10,14,B,1155.071669,7
715,RESIDENTIAL,17,33,B,1170.945258,8
716,RESIDENTIAL,11,92,B,1305.635538,6
717,RESIDENTIAL,3,28,B,0,4
718,RESERVE,0,0,B,0,0
719,RESERVE,0,0,D,0,0
720,RESERVE,0,0,D,0,0
721,RESIDENTIAL,1,8,D,0,1
722,RESIDENTIAL,0,0,F,63.714373,3
723,RESIDENTIAL,10,9,B,1284.584474,5
724,RESIDENTIAL,8,1,F,143.441863,4
725,BUSINESS,10,44,B,0,2
726,RESERVE,0,10,A,0,0
727,RESERVE,0,0,D,0,0
728,RESERVE,0,0,D,0,0
729,RESERVE,0,0,D,0,0
730,RESERVE,0,0,G,0,0
731,RESERVE,0,0,G,0,0
732,RESERVE,0,0,G,0,0
766,RESERVE,0,0,G,0,0
767,RESERVE,0,0,G,0,0
768,RESERVE,0,0,C,0,0
786,RESERVE,0,0,G,0,0
787,RESERVE,0,0,G,0,0
788,RESERVE,0,0,G,0,0
789,RESERVE,0,0,D,0,0
790,RESERVE,0,0,D,0,0
791,RESERVE,0,0,D,0,5
792,GREENERY,0,0,F,0,0
793,GREENERY,0,0,D,0,0
794,GREENERY,0,0,D,0,0
795,GREENERY,0,0,D,0,0
796,TRANSPORTATION,0,0,F,0,0
797,TRANSPORTATION,0,0,C,0,0
800,BUSINESS,0,5,B,0,4
801,BUSINESS,0,0,B,180.067249,2
802,BUSINESS,1,31,B,0,4
803,RESERVE,0,0,D,117.836267,2
804,BUSINESS,1,0,D,0,1
805,RESIDENTIAL,0,0,D,200.011124,0
806,RESIDENTIAL,5,21,F,1455.291043,7
807,RESIDENTIAL,21,95,F,1077.980166,4
808,RESIDENTIAL,4,0,B,1397.788568,5
809,RESIDENTIAL,5,136,B,807.12964,4
810,RESIDENTIAL,6,34,B,144.242333,4
811,RESIDENTIAL,8,9,B,79.86092,9
812,RESIDENTIAL,2,28,B,87.151548,6
813,RESERVE,2,15,B,0,0
814,RESERVE,0,0,D,0,0
815,RESERVE,0,0,C,0,0
816,RESERVE,0,0,F,0,0
817,RESERVE,1,1,F,0,0
818,RESIDENTIAL,11,18,E,219.134284,3
819,RESIDENTIAL,13,29,B,452.248471,5
820,RESIDENTIAL,11,88,B,754.16828,3
821,RESIDENTIAL,12,74,A,0,6
822,RESIDENTIAL,0,6,B,0,0
823,RESERVE,0,0,D,0,0
824,RESERVE,0,0,D,0,0
825,RESERVE,0,0,D,0,0
826,RESERVE,0,0,D,0,0
827,RESERVE,0,0,G,0,0
828,RESERVE,0,0,G,0,0
860,RESERVE,0,0,G,0,0
861,RESERVE,0,0,G,0,0
862,RESERVE,0,0,G,0,0
863,RESERVE,0,0,G,0,0
864,RESERVE,0,0,G,0,0
880,RESERVE,0,0,G,0,0
881,RESERVE,0,0,G,0,0
883,RESERVE,0,0,D,0,0
884,RESERVE,0,0,D,0,0
885,RESERVE,0,0,D,0,0
886,RESERVE,0,1,D,0,0
887,RESERVE,0,0,D,0,2
888,GREENERY,0,0,E,0,0
889,GREENERY,0,0,E,0,0
890,GREENERY,0,0,D,0,0
891,GREENERY,0,0,D,0,0
892,TRANSPORTATION,0,0,C,0,0
893,TRANSPORTATION,0,0,C,0,0
897,BUSINESS,0,7,B,0,0
898,RESERVE,0,0,B,0,3
899,TRANSPORTATION,0,7,B,157.299625,2
900,BUSINESS,0,2,F,4.145813,1
901,GREENERY,0,1,E,1754.623339,1
902,RESIDENTIAL,18,46,F,469.131277,7
903,RESIDENTIAL,1,38,B,0,4
904,RESIDENTIAL,0,13,B,0,4
905,RESIDENTIAL,0,7,B,149.32055,5
906,RESIDENTIAL,3,52,B,0,8
907,RESIDENTIAL,3,9,B,0,4
908,RESERVE,0,11,F,0,0
909,RESERVE,0,0,D,0,0
910,RESERVE,0,0,D,0,0
911,RESERVE,0,0,F,0,0
912,RESERVE,0,0,F,0,0
913,RESERVE,0,0,D,0,0
914,RESIDENTIAL,19,120,B,124.291167,6
915,RESIDENTIAL,17,42,B,155.221653,4
916,RESIDENTIAL,13,208,B,1003.384393,10
917,RESIDENTIAL,6,2,B,63.083294,6
918,RESIDENTIAL,8,7,F,0,4
919,RESIDENTIAL,3,0,D,0,2
920,RESERVE,0,0,D,0,0
921,RESERVE,0,0,D,0,0
922,RESERVE,0,0,G,0,0
923,GREENERY,0,0,G,0,0
924,RESERVE,0,0,G,0,0
925,RESERVE,0,0,C,0,0
926,RESERVE,0,0,G,0,0
927,TRANSPORTATION,0,0,G,0,0
938,RESERVE,0,0,G,0,0
955,RESERVE,0,0,G,0,0
956,RESERVE,0,0,G,0,0
957,RESERVE,0,0,G,0,0
958,RESERVE,0,0,G,0,0
959,RESERVE,0,0,G,0,0
960,RESERVE,0,0,G,0,0
976,RESERVE,0,0,D,0,0
977,RESERVE,0,0,G,0,0
980,RESERVE,0,0,D,0,0
981,RESERVE,0,0,B,0,0
982,RESERVE,0,0,D,0,0
983,GREENERY,0,0,F,0,4
984,GREENERY,0,0,F,0,0
985,GREENERY,0,0,E,0,0
986,GREENERY,0,0,D,0,0
987,GREENERY,0,0,F,0,0
988,GREENERY,0,2,F,0,0
989,GREENERY,0,0,F,0,0
992,BUSINESS,0,0,B,0,0
993,BUSINESS,0,4,B,0,2
994,RESERVE,0,0,D,0,3
995,TRANSPORTATION,3,10,E,1334.336212,4
996,GREENERY,0,0,F,987.032986,0
997,GREENERY,0,0,B,0,0
998,COMMERCIAL,2,6,D,800.112459,2
999,RESERVE,0,0,D,0,0
1000,RESERVE,0,0,D,294.098165,0
1001,RESERVE,0,0,D,844.574226,1
1002,TRANSPORTATION,0,11,D,427.369091,1
1003,COMMERCIAL,0,0,B,32.657078,2
1004,RESERVE,0,0,D,0,0
1005,RESERVE,0,0,F,0,0
1006,RESERVE,0,0,F,0,0
1007,RESERVE,0,0,F,0,0
1008,RESERVE,0,0,F,0,0
1009,RESERVE,1,0,F,0,0
1010,RESERVE,7,35,F,0,7
1011,RESIDENTIAL,11,23,B,0,5
1012,COMMERCIAL,9,51,B,1131.436148,9
1013,GREENERY,0,9,B,34.317908,6
1014,RESIDENTIAL,8,94,D,0,8
1015,RESIDENTIAL,3,10,E,0,2
1016,RESIDENTIAL,0,0,F,0,2
1018,TRANSPORTATION,0,0,G,83.388167,0
1019,TRANSPORTATION,0,0,A,850.45116,0
1020,RESERVE,0,0,F,0,0
1021,RESERVE,0,0,C,0,0
1022,RESERVE,0,0,C,0,0
1023,TRANSPORTATION,0,0,B,111.152848,0
1024,BUSINESS,0,0,B,0,0
1025,BUSINESS,0,0,G,0,0
1032,RESERVE,0,0,G,0,0
1033,RESERVE,0,0,D,0,0
1034,RESERVE,0,0,D,0,0
1035,RESERVE,0,0,D,0,0
1036,RESERVE,0,0,D,0,0
1037,RESERVE,0,0,G,0,0
1050,RESERVE,0,0,G,0,0
1051,RESERVE,0,0,F,0,0
1052,RESERVE,0,0,F,0,0
1053,RESERVE,0,0,G,0,0
1054,RESERVE,0,0,G,0,0
1055,RESERVE,0,0,D,0,0
1056,RESERVE,0,0,D,0,0
1071,RESERVE,0,0,G,0,0
1072,RESERVE,0,0,D,0,0
1073,RESERVE,0,0,D,0,0
1074,RESERVE,0,0,D,0,0
1075,RESERVE,0,0,D,0,0
1076,RESERVE,0,0,D,0,0
1077,RESERVE,0,0,B,0,0
1078,RESERVE,0,0,D,0,4
1079,RESERVE,0,0,D,0,0
1080,RESERVE,0,0,B,0,0
1081,RESERVE,0,0,B,0,0
1082,GREENERY,0,4,D,0,0
1083,GREENERY,0,0,F,0,0
1084,GREENERY,0,0,D,0,0
1085,GREENERY,0,0,D,0,0
1087,BUSINESS,0,2,B,0,0
1088,BUSINESS,0,2,A,201.180007,0
1089,BUSINESS,0,15,B,1215.387277,4
1090,RESERVE,0,0,G,1021.030028,2
1091,GREENERY,0,32,E,27.48036,0
1092,GREENERY,0,0,E,0,0
1093,GREENERY,0,0,E,2294.956102,0
1094,RESERVE,0,0,D,1097.043678,0
1095,RESERVE,0,0,D,0,0
1096,RESERVE,0,0,D,0,0
1097,RESERVE,0,0,D,0,0
1098,RESERVE,0,0,D,61.039601,0
1099,TRANSPORTATION,0,0,B,1664.557736,0
1100,RESERVE,0,0,D,0,0
1101,RESERVE,0,0,F,0,0
1102,RESERVE,0,0,D,0,0
1103,RESERVE,0,0,E,0,0
1104,RESERVE,0,0,B,0,0
1105,RESERVE,0,0,B,0,2
1106,RESERVE,0,1,B,0,0
1107,RESIDENTIAL,8,16,B,385.392382,5
1108,RESIDENTIAL,8,28,B,934.252715,6
1109,RESIDENTIAL,0,19,B,0,2
1110,RESIDENTIAL,12,23,B,0,4
1111,RESIDENTIAL,0,0,D,0,1
1112,RESERVE,0,0,F,0,0
1114,TRANSPORTATION,0,8,G,530.841039,1
1115,TRANSPORTATION,0,0,A,0,2
1116,TRANSPORTATION,0,0,F,0,0
1117,RESERVE,0,0,G,0,0
1118,TRANSPORTATION,0,0,C,0,0
1119,RESERVE,0,0,B,211.922487,0
1120,RESERVE,0,0,B,0,0
1121,BUSINESS,0,0,B,0,0
1122,COMMERCIAL,0,0,G,0,0
1123,RESIDENTIAL,0,0,G,0,0
1124,RESIDENTIAL,1,0,G,0,1
1125,RESIDENTIAL,0,14,G,0,0
1128,RESERVE,0,0,G,0,0
1129,RESERVE,0,0,D,0,0
1130,RESERVE,0,0,D,0,0
1131,RESERVE,0,0,D,0,0
1132,RESERVE,0,0,D,0,0
1133,RESERVE,0,0,D,0,0
1134,RESERVE,0,0,G,0,0
1135,RESERVE,0,0,G,0,0
1136,RESERVE,0,0,G,0,0
1137,GREENERY,0,0,G,0,0
1138,GREENERY,0,0,G,0,0
1139,GREENERY,0,0,G,0,0
1141,RESERVE,0,0,G,0,0
1142,RESERVE,0,0,G,0,0
1143,RESERVE,0,0,G,0,0
1146,RESERVE,0,0,G,0,0
1147,RESERVE,0,0,F,0,0
1148,RESERVE,0,0,F,0,0
1149,RESERVE,0,0,D,0,0
1150,RESERVE,0,0,G,0,0
1151,RESERVE,0,0,D,0,0
1152,RESERVE,0,0,D,0,0
1167,RESERVE,0,0,G,0,0
1168,RESERVE,0,0,D,0,0
1169,RESERVE,0,0,D,0,0
1170,RESERVE,0,0,D,0,0
1171,RESERVE,0,0,D,0,0
1172,RESERVE,0,0,D,0,0
1173,RESERVE,0,0,D,0,0
1174,RESERVE,0,0,D,0,4
1175,RESERVE,0,0,D,0,0
1176,RESERVE,0,0,D,0,0
1177,RESERVE,0,1,D,0,0
1178,GREENERY,0,0,D,0,0
1179,RESERVE,0,0,D,0,0
1180,GREENERY,0,0,D,0,0
1183,BUSINESS,0,10,B,0,0
1184,BUSINESS,0,1,B,1014.252617,0
1185,BUSINESS,0,5,A,0,2
1186,RESIDENTIAL,1,0,A,0,3
1187,RESIDENTIAL,2,0,D,125.464064,0
1188,RESERVE,0,0,D,542.652222,0
1189,RESERVE,0,0,D,951.328195,0
1190,RESERVE,0,0,D,396.402454,0
1191,RESERVE,0,0,D,0,0
1192,RESERVE,0,0,D,0,0
1193,RESERVE,0,0,D,0,0
1194,RESERVE,0,0,D,0,0
1195,RESERVE,0,1,D,0,2
1196,TRANSPORTATION,0,0,B,0,1
1197,RESERVE,0,0,F,322.325791,1
1198,RESERVE,0,0,D,0,2
1199,GREENERY,0,3,F,0,0
1200,GREENERY,0,0,F,0,0
1201,GREENERY,0,0,F,0,2
1202,RESERVE,0,0,F,0,0
1203,RESIDENTIAL,19,20,B,1295.67396,4
1204,RESIDENTIAL,9,64,B,0,5
1205,RESIDENTIAL,7,54,B,0,4
1206,RESIDENTIAL,0,6,B,0,0
1207,RESERVE,0,0,F,0,0
1210,TRANSPORTATION,0,6,B,0,3
1211,TRANSPORTATION,0,0,F,0,0
1212,BUSINESS,0,0,B,0,0
1213,RESERVE,0,0,B,0,0
1214,RESERVE,0,0,G,0,0
1215,RESERVE,0,0,B,0,0
1216,RESERVE,0,0,B,0,0
1217,COMMERCIAL,0,17,B,745.644629,0
1218,RESIDENTIAL,0,8,G,550.088194,0
1219,RESIDENTIAL,1,1,F,1217.090065,0
1220,COMMERCIAL,0,0,D,885.269449,3
1221,RESIDENTIAL,0,0,D,0,0
1222,GREENERY,0,0,G,0,0
1225,RESERVE,0,0,G,0,0
1226,RESERVE,0,0,G,0,0
1227,RESERVE,0,0,D,0,0
1228,RESERVE,0,0,D,0,0
1229,RESERVE,0,0,D,0,0
1230,RESERVE,0,0,D,0,0
1231,RESERVE,0,0,D,0,0
1232,RESERVE,0,0,D,0,0
1233,RESERVE,0,0,D,0,0
1234,GREENERY,0,0,D,0,0
1235,RESERVE,0,0,D,0,0
1236,GREENERY,0,0,D,0,0
1237,GREENERY,0,0,D,0,0
1238,RESERVE,0,0,G,0,0
1239,RESERVE,0,0,G,0,0
1240,RESERVE,0,0,G,0,0
1242,RESERVE,0,0,G,0,0
1243,RESERVE,0,0,F,0,0
1244,RESERVE,0,0,F,0,0
1245,RESERVE,0,0,D,0,0
1246,RESERVE,0,0,D,0,0
1247,RESERVE,0,0,D,0,0
1248,RESERVE,0,0,D,0,0
1263,RESERVE,0,0,G,0,0
1264,RESERVE,0,0,D,0,0
1265,RESERVE,0,0,D,0,0
1266,RESERVE,0,0,D,0,0
1267,RESERVE,0,0,D,0,0
1268,RESERVE,0,0,D,0,0
1269,RESERVE,0,0,D,0,0
1270,RESERVE,0,0,D,0,2
1271,RESERVE,0,0,D,0,0
1272,RESERVE,0,0,D,0,0
1273,RESERVE,0,0,G,0,0
1277,RESERVE,0,0,G,0,0
1278,RESERVE,0,0,D,0,0
1279,BUSINESS,0,1,B,0,0
1280,BUSINESS,0,3,F,260.428079,0
1281,BUSINESS,0,4,B,755.143156,4
1282,RESERVE,0,4,A,68.452315,2
1283,RESERVE,0,0,D,0,4
1284,RESERVE,0,0,D,0,4
1285,RESERVE,0,1,D,33.979157,1
1286,RESERVE,0,0,D,450.797888,2
1287,RESERVE,0,0,D,0,2
1288,RESERVE,0,0,D,0,2
1289,RESERVE,0,0,D,0,2
1290,RESERVE,0,0,D,0,0
1291,RESERVE,0,0,D,0,0
1292,RESERVE,0,0,D,0,0
1293,RESERVE,0,0,D,296.818909,2
1294,RESERVE,0,0,B,0,0
1295,RESERVE,0,0,E,0,0
1296,RESERVE,0,0,D,0,0
1297,RESERVE,0,0,D,0,2
1298,RESERVE,0,8,F,392.437241,0
1299,RESIDENTIAL,9,0,B,872.134162,2
1300,RESERVE,0,0,B,0,2
1301,RESIDENTIAL,0,0,D,0,0
1302,RESERVE,0,13,D,0,0
1305,GREENERY,0,0,F,117.113952,0
1306,TRANSPORTATION,0,0,F,156.832404,0
1307,TRANSPORTATION,0,2,F,0,0
1308,BUSINESS,0,1,F,0,1
1309,RESERVE,0,0,F,0,0
1310,RESERVE,0,0,D,0,0
1311,RESERVE,0,0,C,0,0
1312,RESERVE,0,0,F,42.907382,0
1314,RESIDENTIAL,0,13,G,1257.825493,0
1315,TRANSPORTATION,0,10,D,675.395671,0
1316,COMMERCIAL,1,0,D,572.845854,1
1317,BUSINESS,0,0,C,0,0
1318,RESIDENTIAL,0,0,G,0,0
1319,GREENERY,0,0,G,0,0
1320,GREENERY,0,0,G,0,0
1323,RESERVE,0,0,D,0,0
1324,RESERVE,0,0,D,0,0
1325,RESERVE,0,0,G,0,0
1326,RESERVE,0,0,D,0,0
1327,RESERVE,0,0,D,0,0
1328,RESERVE,0,0,D,0,0
1329,RESERVE,0,0,D,39.024145,0
1330,RESERVE,0,0,D,0,0
1331,RESERVE,0,0,D,0,0
1332,RESERVE,0,0,D,0,0
1333,RESERVE,0,0,D,0,0
1334,RESERVE,0,0,D,0,0
1335,RESERVE,0,0,G,0,0
1336,RESERVE,0,0,G,0,0
1337,RESERVE,0,0,G,0,0
1339,RESERVE,0,0,F,0,0
1340,RESERVE,0,0,C,0,0
1341,RESERVE,0,0,C,0,0
1342,RESERVE,0,0,F,0,0
1343,RESERVE,0,0,D,0,0
1344,RESERVE,0,0,D,0,0
1357,RESERVE,0,0,G,0,0
1358,RESERVE,0,0,G,0,0
1359,RESERVE,0,0,G,0,0
1362,RESERVE,0,0,G,0,0
1363,RESERVE,0,0,D,0,0
1364,RESERVE,0,0,D,0,0
1365,RESERVE,0,0,D,0,0
1366,RESERVE,0,0,D,0,2
1367,RESERVE,0,0,D,0,0
1368,RESERVE,0,0,D,0,0
1369,RESERVE,0,0,D,0,0
1370,RESERVE,0,0,D,0,0
1371,RESERVE,0,0,D,0,0
1373,RESERVE,0,0,D,0,0
1374,RESERVE,0,0,B,0,0
1375,RESERVE,0,1,D,0,0
1376,BUSINESS,0,0,B,246.599767,0
1377,BUSINESS,0,13,B,1010.492796,0
1378,BUSINESS,3,11,B,146.804528,8
1379,BUSINESS,2,37,B,0,0
1380,COMMERCIAL,0,0,D,0,0
1381,RESERVE,0,0,D,0,0
1382,RESERVE,0,0,D,352.915702,0
1383,RESERVE,0,0,D,0,2
1384,GREENERY,0,0,D,0,0
1388,RESERVE,0,0,G,0,0
1390,RESERVE,0,0,G,42.896431,2
1391,RESERVE,0,0,B,0,0
1392,RESERVE,0,0,B,0,2
1393,RESERVE,0,0,D,0,0
1394,RESERVE,0,0,C,1047.09132,2
1400,GREENERY,0,0,F,0,0
1401,TRANSPORTATION,0,4,F,0,4
1402,TRANSPORTATION,0,1,F,0,0
1403,RESERVE,0,6,F,0,4
1404,RESERVE,0,0,F,0,2
1405,RESERVE,0,0,D,0,0
1406,RESERVE,0,0,C,0,0
1407,RESERVE,0,0,D,0,0
1408,RESERVE,0,0,G,0,0
1409,RESIDENTIAL,0,9,C,6.999114,2
1410,RESIDENTIAL,1,5,B,1183.058876,2
1411,COMMERCIAL,0,95,F,2426.099898,3
1412,RESIDENTIAL,3,0,B,707.903295,2
1413,RESIDENTIAL,0,5,F,0,0
1414,RESIDENTIAL,0,0,C,0,0
1415,RESIDENTIAL,0,0,G,0,0
1416,GREENERY,0,0,D,0,0
1417,GREENERY,0,0,G,0,0
1420,RESERVE,0,0,G,0,0
1421,RESERVE,0,0,G,0,0
1422,RESERVE,0,0,G,25.333574,0
1423,RESERVE,0,0,D,0,0
1424,RESERVE,0,0,D,25.698374,0
1425,RESERVE,0,0,D,0,0
1426,RESERVE,0,0,D,0,0
1427,RESERVE,0,0,G,0,0
1428,RESERVE,0,0,G,0,0
1429,RESERVE,0,0,G,0,0
1430,RESERVE,0,0,G,0,0
1431,RESERVE,0,0,G,0,0
1432,RESERVE,0,0,G,0,0
1433,RESERVE,0,0,G,0,0
1435,RESERVE,0,0,G,0,0
1436,RESERVE,0,0,G,0,0
1437,RESERVE,0,0,G,0,0
1438,RESERVE,0,0,G,0,0
1439,RESERVE,0,0,B,0,0
1440,RESERVE,0,0,B,0,0
1453,RESERVE,0,0,G,0,0
1454,RESERVE,0,0,G,0,0
1458,RESERVE,0,0,D,0,0
1459,RESERVE,0,0,D,0,0
1460,RESERVE,0,0,D,0,0
1461,RESERVE,0,0,D,0,0
1462,RESERVE,0,0,D,0,4
1463,RESERVE,0,0,D,0,0
1464,RESERVE,0,0,E,0,0
1465,RESERVE,0,0,D,0,0
1466,RESERVE,0,0,D,0,0
1467,RESERVE,0,0,G,0,0
1469,RESERVE,0,0,G,0,0
1470,RESERVE,0,0,D,0,0
1471,RESERVE,0,0,B,0,0
1472,RESIDENTIAL,9,27,B,440.621954,6
1473,RESIDENTIAL,7,10,B,596.057001,4
1474,BUSINESS,0,0,B,0,6
1475,BUSINESS,0,0,B,0,0
1476,RESERVE,0,0,D,0,0
1477,RESERVE,0,0,B,0,0
1478,RESERVE,0,0,D,892.476988,0
1479,RESERVE,0,0,F,0,0
1480,RESERVE,0,0,D,0,0
1481,GREENERY,0,0,E,0,0
1482,GREENERY,0,0,E,0,0
1483,GREENERY,0,0,G,0,0
1486,GREENERY,0,0,F,549.108984,0
1487,RESERVE,0,0,D,457.114533,4
1488,RESIDENTIAL,2,16,D,0,6
1489,RESERVE,0,0,D,109.031865,0
1490,RESERVE,0,0,D,1183.224521,2
1491,RESERVE,0,0,D,0,0
1495,RESERVE,0,0,D,0,0
1496,RESERVE,0,0,F,15.622272,0
1497,BUSINESS,0,1,F,380.069845,0
1498,BUSINESS,0,2,B,1047.358792,2
1499,BUSINESS,0,0,F,822.179096,0
1500,RESERVE,0,0,F,352.081165,4
1501,RESERVE,0,0,D,0,0
1502,RESERVE,0,0,C,0,0
1503,RESERVE,0,0,G,1584.149618,0
1504,RESIDENTIAL,0,0,E,0,0
1505,RESIDENTIAL,0,8,F,331.102687,3
1506,RESIDENTIAL,0,22,C,2328.590167,5
1507,RESIDENTIAL,2,13,B,1371.267626,9
1508,RESIDENTIAL,2,31,B,660.304386,8
1509,RESIDENTIAL,3,48,B,1195.37112,2
1510,RESIDENTIAL,0,9,C,14.960921,0
1511,RESIDENTIAL,0,0,D,0,0
1513,GREENERY,0,0,D,0,0
1514,BUSINESS,0,0,G,0,0
1517,GREENERY,0,0,G,0,0
1518,GREENERY,0,0,D,0,0
1519,RESERVE,0,0,D,0,0
1520,GREENERY,0,0,D,0,0
1521,RESERVE,0,0,D,0,0
1522,RESERVE,0,1,G,0,0
1523,RESERVE,0,0,G,0,0
1524,RESERVE,0,0,G,0,0
1525,RESERVE,0,0,G,0,0
1526,RESERVE,0,0,G,0,0
1527,RESERVE,0,0,G,0,0
1528,RESERVE,0,0,G,0,0
1529,RESERVE,0,0,G,0,0
1532,RESERVE,0,0,G,0,0
1533,RESERVE,0,0,G,0,0
1534,RESERVE,0,0,G,0,0
1535,RESERVE,0,0,G,0,0
1536,RESERVE,0,0,G,0,0
1549,RESERVE,0,0,G,0,0
1550,RESERVE,0,0,D,0,0
1551,RESERVE,0,0,G,0,0
1554,RESERVE,0,0,D,0,0
1555,RESERVE,0,0,D,0,0
1556,RESERVE,0,0,D,0,0
1557,RESERVE,0,0,D,0,0
1558,RESERVE,0,0,D,0,2
1559,RESERVE,0,0,D,0,0
1560,RESERVE,0,0,F,0,0
1561,RESERVE,0,0,E,0,0
1562,RESERVE,0,0,E,0,0
1564,GREENERY,0,0,B,0,0
1566,RESERVE,0,0,D,0,0
1567,RESERVE,1,0,B,0,0
1568,RESIDENTIAL,2,84,B,1311.512838,6
1569,RESIDENTIAL,0,12,B,0,4
1570,BUSINESS,1,2,B,0,3
1571,BUSINESS,0,0,B,0,0
1572,RESERVE,0,0,D,0,0
1573,RESERVE,0,0,D,0,0
1574,RESERVE,0,0,D,0,0
1575,RESERVE,0,0,D,0,0
1576,RESERVE,0,0,D,0,0
1581,RESERVE,0,0,G,0,0
1582,RESERVE,0,0,D,0,0
1583,RESERVE,0,0,D,133.356604,0
1584,RESIDENTIAL,0,22,E,0,3
1585,RESIDENTIAL,0,0,B,11.516836,2
1586,RESERVE,0,0,D,747.803363,2
1587,RESERVE,0,0,D,535.069263,0
1589,RESERVE,0,0,D,0,0
1590,RESERVE,0,0,D,0,0
1591,RESERVE,0,0,D,0,0
1592,TRANSPORTATION,0,0,B,4071.106678,0
1593,BUSINESS,0,0,C,2583.562455,0
1594,BUSINESS,0,0,F,0,0
1595,BUSINESS,0,0,E,1332.430395,2
1596,RESIDENTIAL,5,18,A,0,5
1597,RESIDENTIAL,0,0,F,1266.823356,0
1598,RESIDENTIAL,1,13,B,1006.37729,0
1599,GREENERY,0,1,F,1723.496176,0
1600,RESIDENTIAL,0,15,F,1012.53405,0
1601,RESIDENTIAL,1,7,F,940.549587,2
1602,RESIDENTIAL,9,9,F,1137.540343,0
1603,RESIDENTIAL,1,10,B,985.655302,4
1604,RESIDENTIAL,6,45,B,1089.770168,5
1605,RESIDENTIAL,11,26,F,237.299417,7
1606,RESIDENTIAL,0,25,F,1406.147949,4
1607,RESIDENTIAL,0,1,C,0,0
1609,BUSINESS,0,0,D,0,0
1610,RESERVE,0,0,G,0,0
1611,RESERVE,0,0,G,0,0
1614,GREENERY,0,0,G,0,0
1615,GREENERY,0,0,G,0,0
1616,GREENERY,0,0,G,0,0
1617,GREENERY,0,0,G,0,0
1628,RESERVE,0,0,C,0,0
1629,RESERVE,0,0,C,0,0
1630,RESERVE,0,0,G,0,0
1631,RESERVE,0,0,G,0,0
1632,RESERVE,0,0,G,0,0
1645,RESERVE,0,0,G,0,0
1646,RESERVE,0,0,G,0,0
1647,RESERVE,0,0,D,0,0
1649,RESERVE,0,0,D,0,0
1650,RESERVE,0,0,G,0,0
1651,RESERVE,0,0,D,0,0
1652,RESERVE,0,0,D,0,0
1653,RESERVE,0,0,D,0,0
1654,RESERVE,0,0,F,0,0
1655,RESERVE,0,0,F,0,0
1656,RESERVE,0,0,F,0,0
1657,RESERVE,0,0,D,0,0
1658,RESERVE,0,0,E,0,0
1660,GREENERY,0,0,B,0,0
1661,GREENERY,0,0,F,0,0
1662,RESERVE,0,0,D,0,0
1663,RESIDENTIAL,4,26,B,88.569642,5
1664,RESIDENTIAL,12,17,B,1150.675855,6
1665,RESIDENTIAL,2,8,B,91.362288,4
1666,RESERVE,0,1,B,90.707484,3
1667,RESERVE,0,0,G,0,0
1668,RESERVE,0,0,D,0,0
1669,RESERVE,0,0,D,0,0
1670,RESERVE,0,0,D,977.458075,0
1671,RESERVE,0,0,D,402.176506,0
1672,RESERVE,0,0,D,0,0
1674,RESERVE,0,0,D,0,0
1675,RESERVE,0,0,D,0,0
1676,RESERVE,0,0,D,0,0
1677,RESERVE,0,0,D,0,0
1678,RESERVE,0,0,D,0,0
1679,RESERVE,0,0,D,0,0
1680,RESERVE,0,0,D,1002.788138,2
1681,RESERVE,0,0,D,341.418219,0
1682,RESERVE,0,0,D,0,0
1683,RESERVE,0,0,E,2501.332506,1
1684,RESERVE,0,0,B,2069.346891,3
1685,RESERVE,0,3,B,0.933097,0
1686,RESERVE,0,0,D,0,0
1687,RESERVE,0,2,D,0,2
1688,RESERVE,0,0,D,23.845018,3
1689,BUSINESS,0,0,B,2072.135396,0
1690,BUSINESS,0,0,F,0,0
1691,BUSINESS,0,0,E,310.233513,2
1692,RESIDENTIAL,7,12,B,158.714481,4
1693,RESIDENTIAL,2,28,B,1275.361966,2
1694,RESIDENTIAL,0,10,B,1024.664674,5
1695,RESIDENTIAL,2,11,B,0,4
1696,RESIDENTIAL,9,46,F,0,4
1697,RESIDENTIAL,18,115,F,3055.243529,6
1698,RESIDENTIAL,16,13,B,1255.170677,7
1699,RESIDENTIAL,16,55,B,1299.236027,6
1700,RESIDENTIAL,6,10,F,908.770235,1
1701,RESIDENTIAL,9,25,B,1285.033856,2
1702,RESIDENTIAL,0,18,B,2332.611344,2
1703,BUSINESS,0,0,G,1584.597621,0
1704,BUSINESS,0,0,D,0,0
1705,BUSINESS,0,0,F,0,0
1706,RESERVE,0,0,F,0,0
1707,RESERVE,0,0,G,0,0
1708,RESERVE,0,0,G,0,0
1715,GREENERY,0,0,G,0,0
1716,GREENERY,0,3,G,0,0
1717,GREENERY,0,3,G,0,1
1718,GREENERY,1,0,G,0,0
1719,GREENERY,0,0,G,0,0
1724,RESERVE,0,0,G,0,0
1725,RESERVE,0,0,C,0,0
1726,RESERVE,0,0,G,0,0
1727,RESERVE,0,0,G,0,0
1728,RESERVE,0,0,G,0,0
1741,RESERVE,0,0,G,0,0
1742,RESERVE,0,0,D,0,0
1743,RESERVE,0,0,D,0,0
1744,RESERVE,0,0,D,0,0
1745,RESERVE,0,0,D,0,0
1746,RESERVE,0,0,D,0,0
1747,RESERVE,0,0,F,0,0
1748,GREENERY,0,0,F,0,0
1749,GREENERY,0,0,F,0,0
1750,RESERVE,0,0,F,0,0
1751,RESERVE,0,0,F,0,0
1752,RESERVE,0,0,F,0,0
1753,RESERVE,0,0,D,0,0
1754,RESERVE,0,0,D,0,0
1755,GREENERY,0,0,E,0,0
1756,GREENERY,0,0,B,0,0
1757,GREENERY,0,1,G,0,0
1758,RESERVE,0,0,F,0,0
1759,RESIDENTIAL,6,0,B,1397.099622,3
1760,TRANSPORTATION,1,2,B,370.176178,4
1761,RESERVE,0,0,F,503.517147,0
1762,TRANSPORTATION,0,0,B,2181.943799,3
1763,TRANSPORTATION,0,7,B,300.495142,1
1764,TRANSPORTATION,1,15,B,608.274904,0
1765,RESIDENTIAL,4,19,B,993.131744,5
1766,TRANSPORTATION,4,0,B,2875.37507,1
1767,RESERVE,0,0,D,337.240515,0
1768,RESERVE,0,0,D,0,0
1769,RESERVE,0,0,D,0,0
1770,RESERVE,0,0,D,0,0
1771,RESERVE,0,0,D,0,0
1772,RESERVE,0,0,D,0,0
1773,RESERVE,0,0,D,0,0
1774,RESERVE,0,0,D,0,0
1775,RESERVE,0,0,D,0,0
1776,RESERVE,0,0,D,0,2
1777,RESERVE,0,0,D,0,0
1778,RESERVE,0,14,D,0,0
1779,RESERVE,0,0,C,0,0
1780,RESIDENTIAL,2,0,A,8.61353,5
1781,RESERVE,0,0,A,1412.922395,4
1782,BUSINESS,0,6,A,8.52352,6
1783,RESIDENTIAL,1,26,E,0,1
1784,RESIDENTIAL,0,0,A,0,1
1785,RESIDENTIAL,0,0,A,938.919843,2
1786,RESIDENTIAL,0,0,A,0,4
1787,BUSINESS,1,20,F,0,4
1788,RESIDENTIAL,1,10,B,0,8
1789,RESIDENTIAL,4,61,A,426.000426,4
1790,RESIDENTIAL,0,0,F,342.244452,0
1791,RESIDENTIAL,9,21,B,1337.039418,6
1792,RESIDENTIAL,16,20,B,736.768241,8
1793,RESIDENTIAL,6,50,B,1660.710595,7
1794,RESIDENTIAL,14,12,B,136.170667,7
1795,RESIDENTIAL,5,0,B,1031.423945,10
1796,RESIDENTIAL,6,9,B,1418.612057,6
1797,RESIDENTIAL,0,4,C,784.070197,0
1798,BUSINESS,0,0,D,0,0
1799,BUSINESS,0,0,D,314.599343,0
1800,TRANSPORTATION,0,0,B,0,0
1801,BUSINESS,0,0,F,0,0
1802,RESERVE,0,0,C,0,0
1803,RESERVE,0,0,G,0,0
1804,RESERVE,0,0,G,0,0
1811,GREENERY,0,7,E,0,0
1812,GREENERY,0,2,E,0,10
1813,GREENERY,0,41,E,0,4
1814,COMMERCIAL,2,115,B,574.841316,6
1815,TRANSPORTATION,0,0,F,82.577748,4
1816,TRANSPORTATION,0,0,B,0,3
1821,RESERVE,0,0,G,0,0
1822,RESERVE,0,0,G,0,0
1823,RESERVE,0,0,G,0,0
1824,RESERVE,0,0,G,0,0
1836,RESERVE,0,0,G,0,0
1837,RESERVE,0,0,D,0,0
1838,RESERVE,0,0,D,0,0
1839,RESERVE,0,0,G,0,0
1840,RESERVE,0,0,D,0,0
1841,RESERVE,0,0,D,0,0
1842,RESERVE,0,0,D,0,0
1843,GREENERY,0,0,F,0,0
1844,GREENERY,0,0,F,0,0
1845,GREENERY,0,0,F,0,5
1846,RESERVE,0,0,F,0,0
1847,RESERVE,0,0,F,0,0
1848,RESERVE,0,0,F,0,0
1849,RESERVE,0,0,E,0,0
1850,RESERVE,0,1,D,0,0
1851,GREENERY,0,0,B,0,0
1852,GREENERY,0,0,B,0,0
1853,RESERVE,0,0,F,0,0
1854,RESERVE,1,5,F,143.145886,0
1855,RESIDENTIAL,6,51,B,1104.62275,5
1856,RESIDENTIAL,7,72,B,1103.27727,4
1857,RESERVE,0,15,B,0,0
1858,COMMERCIAL,2,20,B,0,2
1859,RESIDENTIAL,3,26,B,718.036087,8
1860,RESIDENTIAL,6,21,E,908.689042,9
1861,RESIDENTIAL,8,36,B,912.596736,2
1862,GREENERY,1,18,A,333.146065,0
1863,RESERVE,0,0,D,0,0
1864,RESERVE,0,0,D,0,0
1865,RESERVE,0,0,D,0,0
1866,RESERVE,0,0,D,0,0
1867,RESERVE,0,0,D,0,0
1868,RESERVE,0,0,D,0,0
1869,RESERVE,0,0,D,0,0
1870,RESERVE,0,0,D,0,0
1871,RESERVE,0,0,D,0,0
1872,RESERVE,0,0,D,0,0
1873,RESERVE,0,0,D,0,2
1874,BUSINESS,0,21,A,0,2
1875,RESIDENTIAL,0,6,C,0,0
1876,RESIDENTIAL,0,1,E,0,3
1877,RESIDENTIAL,2,10,B,626.96705,6
1878,GREENERY,0,18,B,565.188974,8
1879,RESERVE,0,0,F,0,1
1880,RESERVE,0,0,F,0,0
1881,RESIDENTIAL,0,0,B,0,0
1882,RESIDENTIAL,0,0,A,0,0
1883,RESIDENTIAL,0,0,A,0,0
1884,RESIDENTIAL,5,8,A,0,1
1885,RESIDENTIAL,1,3,B,44.322397,3
1886,RESIDENTIAL,2,0,B,0,0
1887,COMMERCIAL,0,0,F,0,0
1888,BUSINESS,1,11,F,1011.354667,6
1889,RESIDENTIAL,1,43,B,1266.897559,7
1890,RESIDENTIAL,3,59,B,778.11302,4
1891,RESIDENTIAL,6,7,B,1460.191173,5
1892,BUSINESS,0,0,D,36.161831,2
1893,BUSINESS,0,0,D,876.26559,0
1894,BUSINESS,0,0,D,2873.012848,0
1895,BUSINESS,0,0,D,759.591335,0
1896,BUSINESS,0,0,F,0,0
1897,BUSINESS,0,0,B,0,0
1898,BUSINESS,1,1,B,0,2
1899,RESIDENTIAL,0,0,D,0,1
1900,GREENERY,0,2,F,0,1
1901,GREENERY,0,0,G,0,0
1902,GREENERY,0,0,G,0,0
1905,BUSINESS,0,0,G,0,0
1906,BUSINESS,0,12,B,0,2
1907,RESERVE,0,15,E,0,0
1908,RESERVE,0,0,D,0,4
1909,RESERVE,0,0,D,0,0
1910,RESERVE,0,0,D,0,0
1911,TRANSPORTATION,0,0,F,0,0
1912,TRANSPORTATION,0,9,B,0,2
1913,GREENERY,0,0,G,0,0
1918,RESERVE,0,0,G,0,0
1919,RESERVE,0,0,G,0,0
1920,RESERVE,0,0,G,0,0
1936,RESERVE,0,0,G,0,0
1937,RESERVE,0,0,G,0,0
1938,RESERVE,0,0,D,0,0
1939,GREENERY,0,0,F,0,0
1940,GREENERY,0,0,F,0,0
1941,RESERVE,0,0,B,0,4
1942,RESERVE,0,0,B,0,0
1943,RESERVE,0,0,F,0,0
1944,RESERVE,0,0,B,0,0
1945,RESERVE,0,0,B,0,0
1946,GREENERY,0,0,D,0,0
1947,GREENERY,0,3,B,0,0
1948,GREENERY,0,0,B,3.926323,1
1949,TRANSPORTATION,2,0,B,1604.776493,1
1950,RESIDENTIAL,12,38,B,0,6
1951,RESIDENTIAL,24,1,B,1562.075848,9
1952,RESIDENTIAL,11,19,B,1100.029087,7
1953,RESIDENTIAL,8,48,B,365.449733,6
1954,RESIDENTIAL,12,22,B,325.381277,7
1955,RESERVE,1,11,B,3110.654406,5
1956,RESIDENTIAL,10,149,B,2407.456591,13
1957,RESIDENTIAL,4,15,B,1173.122908,9
1958,RESIDENTIAL,4,27,B,1112.581026,3
1959,RESERVE,0,0,D,0,0
1960,RESERVE,0,0,D,0,0
1961,RESERVE,0,0,D,0,0
1962,RESERVE,0,0,D,0,0
1963,RESERVE,0,0,D,0,0
1964,RESERVE,0,0,D,0,0
1965,RESERVE,0,0,D,0,0
1966,RESERVE,0,0,D,0,0
1967,RESERVE,0,0,D,0,0
1968,RESERVE,0,0,D,0,0
1969,RESERVE,0,0,D,0,0
1970,RESIDENTIAL,0,1,D,0,3
1971,RESIDENTIAL,0,0,E,0,3
1972,RESIDENTIAL,9,19,B,0,4
1973,RESIDENTIAL,13,108,B,0,6
1974,COMMERCIAL,4,18,B,1922.049186,6
1975,COMMERCIAL,0,61,F,56.922169,0
1976,RESERVE,0,0,F,0,0
1977,RESIDENTIAL,0,0,F,0,0
1978,RESIDENTIAL,0,0,C,6.252441,1
1979,RESIDENTIAL,0,0,F,139.346405,2
1980,RESIDENTIAL,0,7,B,125.50394,4
1981,RESIDENTIAL,4,1,F,524.30457,5
1982,RESIDENTIAL,15,32,B,135.972823,5
1983,COMMERCIAL,10,42,B,136.718962,5
1984,RESIDENTIAL,10,1,B,151.979869,7
1985,RESIDENTIAL,7,16,B,440.617956,4
1986,RESIDENTIAL,1,10,B,752.42017,7
1987,RESIDENTIAL,1,0,G,906.150183,3
1988,BUSINESS,0,0,D,0,0
1989,BUSINESS,0,0,D,1129.07921,0
1990,TRANSPORTATION,0,0,D,1367.993937,4
1991,BUSINESS,0,0,B,143.659549,0
1992,BUSINESS,0,0,D,0,0
1993,BUSINESS,0,1,F,55.273358,1
1994,RESIDENTIAL,1,31,B,154.750773,6
1995,RESIDENTIAL,10,13,B,0,6
1996,RESIDENTIAL,1,2,B,0,8
1997,GREENERY,1,2,E,0,2
1998,GREENERY,0,0,F,0,0
1999,GREENERY,1,2,F,0,2
2000,RESIDENTIAL,0,0,F,0,4
2001,BUSINESS,0,0,D,0,0
2002,BUSINESS,0,0,B,0,2
2003,BUSINESS,0,8,A,0,2
2004,RESERVE,0,0,D,0,2
2005,RESERVE,0,0,D,0,0
2006,TRANSPORTATION,0,0,F,0,0
2007,TRANSPORTATION,0,14,B,0,0
2008,TRANSPORTATION,0,29,B,0,2
2009,BUSINESS,0,1,E,0,2
2015,RESERVE,0,0,G,0,0
2016,RESERVE,0,0,G,0,0
2027,RESERVE,0,0,G,0,0
2032,RESERVE,0,0,D,0,0
2033,RESERVE,0,0,D,0,0
2034,RESERVE,0,0,D,0,0
2035,GREENERY,0,0,F,0,0
2036,GREENERY,0,0,F,0,2
2037,RESERVE,0,0,F,0,4
2038,RESERVE,0,0,B,0,0
2039,RESERVE,0,0,F,0,0
2040,RESERVE,0,0,B,0,0
2041,RESERVE,0,0,F,0,3
2042,COMMERCIAL,0,22,C,0,2
2043,RESERVE,0,0,B,15.51242,3
2044,TRANSPORTATION,0,0,B,424.497624,1
2045,RESIDENTIAL,0,0,D,407.6611,2
2046,RESIDENTIAL,5,0,B,336.304315,5
2047,RESIDENTIAL,0,24,B,890.931633,5
2048,RESIDENTIAL,1,32,B,151.290066,5
2049,RESIDENTIAL,4,46,B,924.804169,6
2050,RESERVE,0,10,B,1061.769009,3
2051,RESERVE,0,1,B,409.128763,0
2052,RESIDENTIAL,6,21,B,787.961656,5
2053,RESIDENTIAL,15,13,B,1219.384742,5
2054,RESIDENTIAL,18,51,B,955.738686,6
2055,GREENERY,0,0,D,1217.815372,0
2056,RESERVE,0,0,D,0,0
2057,RESERVE,0,0,D,0,0
2058,RESERVE,0,0,D,0,0
2059,RESERVE,0,0,D,0,0
2060,RESERVE,0,0,D,0,0
2061,RESERVE,0,0,D,0,0
2062,RESERVE,0,0,D,0,0
2063,RESERVE,0,0,D,0,0
2064,RESERVE,0,0,D,0,0
2065,RESERVE,0,0,D,0,0
2066,RESIDENTIAL,0,7,D,152.769284,3
2067,RESIDENTIAL,0,0,A,0,0
2068,RESIDENTIAL,17,16,B,0,6
2069,RESIDENTIAL,6,78,B,112.686159,4
2070,RESIDENTIAL,0,1,B,137.448574,7
2071,RESIDENTIAL,8,24,B,1073.57823,6
2072,RESIDENTIAL,9,52,B,132.819504,6
2073,TRANSPORTATION,0,20,B,312.172563,2
2074,BUSINESS,0,19,F,0,5
2075,BUSINESS,0,43,A,0,2
2076,RESIDENTIAL,3,18,B,77.044929,6
2077,RESIDENTIAL,9,22,A,170.941379,8
2078,RESIDENTIAL,9,82,B,0,6
2079,RESIDENTIAL,11,58,B,45.898386,6
2080,RESIDENTIAL,18,30,B,216.302919,3
2081,RESIDENTIAL,15,32,B,455.608641,8
2082,RESIDENTIAL,1,9,E,119.745961,6
2083,RESIDENTIAL,0,25,B,25.46211,1
2084,BUSINESS,0,0,F,721.251962,0
2085,GREENERY,0,0,E,14.313383,4
2086,RESERVE,0,0,F,0,0
2087,BUSINESS,0,1,A,0,3
2088,BUSINESS,0,0,F,0,0
2089,BUSINESS,0,11,B,1066.210614,2
2090,RESIDENTIAL,5,19,B,1218.869302,5
2091,RESIDENTIAL,3,8,B,135.397817,12
2092,RESIDENTIAL,17,30,B,239.351651,7
2093,RESIDENTIAL,10,3,D,440.40986,2
2094,GREENERY,1,88,D,125.276807,2
2095,RESIDENTIAL,3,1,B,0,6
2096,RESIDENTIAL,0,0,D,0,4
2097,BUSINESS,0,0,D,0,0
2098,BUSINESS,0,0,F,0,2
2099,BUSINESS,0,2,B,0,6
2100,RESERVE,0,5,B,0,0
2101,RESERVE,0,0,B,0,0
2102,TRANSPORTATION,0,0,B,0,0
2103,TRANSPORTATION,0,5,B,0,1
2104,TRANSPORTATION,0,4,A,0,3
2105,BUSINESS,0,11,A,0,3
2106,GREENERY,1,0,G,0,0
2112,RESERVE,0,0,G,0,0
2123,RESERVE,0,0,G,0,0
2124,RESERVE,0,0,D,0,0
2125,RESERVE,0,0,D,0,0
2126,RESERVE,0,0,D,0,0
2128,RESERVE,0,0,G,0,0
2129,RESERVE,0,0,D,0,0
2130,RESERVE,0,0,D,0,1
2131,GREENERY,0,0,E,0,4
2132,GREENERY,0,0,F,0,3
2133,GREENERY,0,0,F,0,1
2134,RESERVE,0,0,D,0,3
2135,RESERVE,0,0,D,0,1
2136,RESERVE,0,0,D,0,2
2137,RESERVE,0,0,D,0,1
2138,RESERVE,0,11,D,0,0
2139,RESIDENTIAL,0,0,D,0,0
2140,RESIDENTIAL,0,0,D,0,0
2141,RESIDENTIAL,0,0,D,0,0
2142,RESIDENTIAL,0,0,D,0,0
2143,RESIDENTIAL,0,0,D,122.878915,0
2144,RESIDENTIAL,0,1,D,1360.955954,0
2145,RESIDENTIAL,0,1,F,30.291634,2
2146,RESERVE,0,0,D,0,0
2147,RESERVE,0,0,D,0,0
2148,RESIDENTIAL,0,21,B,0,5
2149,RESIDENTIAL,0,8,B,0,3
2150,RESIDENTIAL,1,0,B,0,3
2151,GREENERY,0,0,D,627.973259,0
2152,RESERVE,0,0,D,0,0
2156,RESERVE,0,0,G,0,0
2157,RESERVE,0,0,G,0,0
2159,GREENERY,0,0,F,0,0
2162,RESERVE,4,49,G,0,2
2163,RESIDENTIAL,0,3,E,0,3
2164,RESIDENTIAL,10,50,B,0,4
2165,RESIDENTIAL,4,19,B,0,3
2166,COMMERCIAL,7,124,B,123.772189,5
2167,RESIDENTIAL,6,134,F,1567.657695,7
2168,RESIDENTIAL,16,89,F,281.38362,7
2169,RESIDENTIAL,6,22,B,360.689325,4
2170,TRANSPORTATION,1,30,B,115.449907,9
2171,COMMERCIAL,0,23,B,442.792091,1
2172,RESIDENTIAL,17,64,B,293.57221,6
2173,RESIDENTIAL,3,22,F,462.277767,5
2174,RESIDENTIAL,21,42,B,67.104686,5
2175,RESIDENTIAL,20,26,B,344.672187,9
2176,RESIDENTIAL,5,8,B,213.406253,11
2177,RESIDENTIAL,15,125,A,237.792443,2
2178,RESIDENTIAL,12,12,B,141.422702,6
2179,BUSINESS,0,0,F,0,0
2180,BUSINESS,0,0,B,670.3186,0
2181,RESERVE,0,0,F,0,2
2182,RESERVE,0,0,F,0,0
2183,RESERVE,0,0,E,0,3
2184,BUSINESS,0,7,B,0,0
2185,BUSINESS,0,16,F,236.26942,2
2186,RESIDENTIAL,0,0,B,0,0
2187,RESIDENTIAL,0,0,B,379.54372,0
2188,RESIDENTIAL,0,0,B,60.487599,2
2189,RESIDENTIAL,4,86,B,1119.441312,8
2190,RESERVE,3,40,B,149.757913,4
2191,RESIDENTIAL,4,66,B,71.651548,4
2192,RESIDENTIAL,15,10,A,0,10
2193,BUSINESS,0,6,B,0,0
2194,BUSINESS,0,16,B,145.629533,6
2195,RESERVE,0,0,B,0,4
2196,RESERVE,0,4,B,0,2
2197,TRANSPORTATION,0,0,F,0,0
2198,TRANSPORTATION,0,0,B,0,0
2199,TRANSPORTATION,0,8,B,0,2
2200,TRANSPORTATION,0,5,B,0,0
2201,TRANSPORTATION,0,0,C,104.243158,2
2202,GREENERY,0,0,C,118.632522,0
2203,RESERVE,0,0,D,0,0
2204,RESERVE,0,0,G,0,0
2217,RESERVE,0,0,G,0,0
2220,RESERVE,0,0,D,0,0
2221,RESERVE,0,0,D,0,0
2222,RESERVE,0,0,D,0,0
2223,RESERVE,0,0,D,0,0
2224,RESERVE,0,0,D,0,0
2225,RESERVE,0,0,D,0,0
2226,RESERVE,0,0,D,0,0
2227,GREENERY,0,0,E,0,0
2228,COMMERCIAL,0,7,B,0,3
2229,GREENERY,0,0,D,0,0
2230,RESERVE,0,0,D,0,0
2231,RESERVE,0,0,D,261.33882,0
2232,BUSINESS,0,0,D,746.851259,0
2233,BUSINESS,0,0,D,0,0
2234,BUSINESS,0,0,D,0,0
2235,RESIDENTIAL,0,0,D,0,0
2236,RESIDENTIAL,0,0,D,0,0
2237,RESIDENTIAL,0,0,D,0,0
2238,RESIDENTIAL,0,0,D,0,0
2239,RESIDENTIAL,0,0,D,133.34247,2
2240,RESIDENTIAL,0,9,B,0,5
2241,RESIDENTIAL,5,15,B,1213.665185,4
2242,RESERVE,0,0,D,0,0
2243,RESERVE,0,0,D,0,1
2244,RESERVE,1,0,B,199.926961,4
2245,RESIDENTIAL,2,7,E,284.041369,4
2246,RESIDENTIAL,0,1,C,0,4
2247,RESIDENTIAL,0,0,D,529.520201,0
2248,RESERVE,0,0,D,0,0
2249,RESERVE,0,0,D,0,0
2250,RESERVE,0,0,G,0,0
2251,RESERVE,0,0,D,0,0
2255,GREENERY,0,0,F,0,0
2256,GREENERY,0,0,G,0,0
2257,GREENERY,0,0,F,0,0
2258,GREENERY,0,0,F,109.074299,2
2259,RESIDENTIAL,3,9,E,95.78319,4
2260,RESIDENTIAL,4,24,E,335.912226,4
2261,RESIDENTIAL,3,72,B,392.701228,2
2262,RESIDENTIAL,14,10,B,98.199491,4
2263,RESIDENTIAL,15,65,B,1150.39202,2
2264,RESIDENTIAL,22,77,B,375.46926,3
2265,RESIDENTIAL,5,1,B,151.948042,1
2266,RESIDENTIAL,0,19,A,0,2
2267,RESIDENTIAL,0,24,A,0,3
2268,RESIDENTIAL,10,9,B,0,4
2269,RESIDENTIAL,1,0,B,148.480721,4
2270,RESIDENTIAL,0,0,B,92.171426,1
2271,RESIDENTIAL,6,9,A,168.242717,2
2272,RESIDENTIAL,6,24,B,186.50354,4
2273,RESIDENTIAL,13,33,B,0,5
2274,BUSINESS,15,3,B,0,2
2275,BUSINESS,0,0,F,83.270014,0
2276,BUSINESS,0,10,B,283.690009,4
2277,RESERVE,0,0,F,0,0
2278,RESERVE,0,0,D,0,0
2279,RESERVE,0,0,D,0,0
2280,RESERVE,1,10,B,0,2
2281,BUSINESS,0,12,B,0,4
2282,RESIDENTIAL,0,1,F,0,0
2283,RESIDENTIAL,0,0,C,0,0
2284,RESIDENTIAL,0,0,F,763.400434,0
2285,RESERVE,2,14,D,993.829734,2
2286,RESIDENTIAL,3,0,B,272.982109,2
2287,RESIDENTIAL,3,21,B,61.253369,4
2288,RESIDENTIAL,23,8,B,277.874337,8
2289,BUSINESS,4,39,B,159.522269,7
2290,RESIDENTIAL,0,0,D,0,0
2291,RESERVE,0,2,E,0,4
2292,RESERVE,1,2,F,0,0
2293,TRANSPORTATION,0,0,B,0,0
2294,TRANSPORTATION,0,0,B,0,0
2295,TRANSPORTATION,0,0,B,0,0
2296,TRANSPORTATION,0,0,B,0,0
2297,TRANSPORTATION,0,0,F,0,0
2298,TRANSPORTATION,0,0,C,24.665624,0
2299,TRANSPORTATION,0,0,C,0,0
2300,RESERVE,0,0,B,0,0
2301,RESERVE,0,0,B,0,0
2302,RESERVE,0,0,G,0,0
2316,RESERVE,0,0,D,0,0
2317,RESERVE,0,0,D,0,0
2318,RESERVE,0,0,D,0,0
2319,RESERVE,0,0,D,0,0
2320,RESERVE,0,0,D,0,0
2321,RESERVE,0,0,D,0,0
2322,RESERVE,0,0,D,0,0
2323,RESERVE,0,0,D,0,0
2324,RESERVE,0,0,D,0,4
2325,RESERVE,0,0,D,0,0
2326,RESERVE,0,0,D,0,0
2327,TRANSPORTATION,0,4,E,669.908051,0
2328,BUSINESS,0,0,D,812.61229,0
2329,BUSINESS,0,0,D,0,0
2330,RESIDENTIAL,0,0,D,0,0
2331,RESIDENTIAL,0,0,D,0,0
2332,RESIDENTIAL,0,0,D,0,0
2333,RESIDENTIAL,0,0,D,0,0
2334,RESIDENTIAL,0,0,D,0,0
2335,RESIDENTIAL,0,0,B,0,3
2336,RESIDENTIAL,7,37,B,0,3
2337,RESIDENTIAL,20,42,B,1001.614739,3
2338,RESERVE,0,0,D,0,0
2339,RESERVE,0,0,F,0,0
2340,RESIDENTIAL,1,17,B,0,7
2341,RESERVE,0,3,B,997.50544,3
2342,RESERVE,0,0,D,0,0
2343,RESERVE,0,0,D,240.604054,0
2344,RESERVE,0,0,D,0,0
2345,RESERVE,0,0,D,0,0
2346,RESERVE,0,0,D,0,0
2348,RESERVE,0,0,G,0,0
2349,RESERVE,0,0,D,0,0
2350,RESERVE,0,0,D,0,0
2351,GREENERY,0,0,F,0,0
2352,GREENERY,0,0,F,0,0
2353,GREENERY,0,0,F,0,0
2354,RESIDENTIAL,0,0,D,160.701644,4
2355,RESIDENTIAL,7,11,B,0,4
2356,RESIDENTIAL,0,13,B,0,4
2357,TRANSPORTATION,1,5,B,296.354348,4
2358,GREENERY,2,4,F,215.766772,4
2359,GREENERY,5,62,F,703.533259,4
2360,RESIDENTIAL,6,82,B,1061.85374,5
2361,RESIDENTIAL,4,14,B,264.771444,3
2362,RESIDENTIAL,1,17,A,0,1
2363,RESIDENTIAL,0,85,A,0,5
2364,RESIDENTIAL,0,4,A,0,8
2365,RESIDENTIAL,0,1,A,0,0
2366,RESIDENTIAL,2,2,A,0,0
2367,RESIDENTIAL,2,37,B,0,6
2368,RESIDENTIAL,10,7,B,239.513074,6
2369,RESIDENTIAL,3,7,B,233.943329,4
2370,BUSINESS,0,0,B,118.681293,2
2371,TRANSPORTATION,0,0,B,1074.617321,2
2372,RESERVE,0,0,F,2.864107,1
2373,RESERVE,0,0,F,0,0
2374,RESERVE,0,0,D,0,0
2375,RESERVE,0,0,D,0,0
2376,BUSINESS,0,0,D,0,0
2377,BUSINESS,1,1,B,0,2
2378,RESIDENTIAL,0,12,F,0,4
2379,RESIDENTIAL,0,0,C,0,2
2380,GREENERY,1,0,C,1204.982299,0
2381,RESERVE,6,10,C,0,2
2382,RESIDENTIAL,22,39,B,0,4
2383,RESIDENTIAL,7,10,B,255.479488,3
2384,RESIDENTIAL,12,0,B,1133.673724,5
2385,RESIDENTIAL,0,0,B,0,5
2386,RESIDENTIAL,1,5,B,0,5
2387,RESERVE,0,2,E,0,2
2388,RESERVE,0,0,F,0,0
2389,TRANSPORTATION,0,0,B,0,0
2390,TRANSPORTATION,0,62,B,0,1
2391,TRANSPORTATION,0,0,B,0,0
2392,TRANSPORTATION,0,0,B,0,0
2393,TRANSPORTATION,0,0,C,0,0
2394,TRANSPORTATION,0,0,C,0,0
2395,TRANSPORTATION,0,0,C,0,0
2396,TRANSPORTATION,0,0,C,0,0
2397,RESERVE,0,1,D,151.840048,0
2398,RESERVE,0,0,B,0,0
2399,RESERVE,0,0,G,0,0
2400,RESERVE,0,0,G,0,0
2408,RESERVE,0,0,G,0,0
2410,RESERVE,0,0,D,0,0
2411,RESERVE,0,0,G,0,0
2412,RESERVE,0,0,D,0,0
2413,RESERVE,0,0,D,0,0
2414,RESERVE,0,0,G,0,0
2415,RESERVE,0,0,D,0,0
2416,RESERVE,0,0,D,0,0
2417,RESERVE,0,0,D,0,0
2418,RESERVE,0,0,D,0,0
2419,RESERVE,0,0,D,0,3
2420,RESERVE,0,1,D,0,3
2421,RESERVE,0,0,D,278.495676,2
2422,BUSINESS,0,0,D,0,0
2423,BUSINESS,0,0,F,0,0
2424,BUSINESS,0,0,C,20.495715,0
2425,BUSINESS,0,0,D,612.224437,0
2426,RESIDENTIAL,0,0,D,796.979695,4
2427,RESIDENTIAL,0,0,D,0,0
2428,RESIDENTIAL,0,0,D,0,0
2429,RESIDENTIAL,0,0,C,0,0
2430,RESIDENTIAL,0,8,C,0,4
2431,RESIDENTIAL,0,0,D,0,0
2432,RESIDENTIAL,2,7,B,0,4
2433,RESIDENTIAL,19,61,B,1001.051866,6
2434,GREENERY,0,0,D,0,0
2435,RESIDENTIAL,3,7,A,0,6
2436,RESIDENTIAL,1,6,E,0,4
2437,RESERVE,0,12,B,258.061642,5
2438,RESERVE,0,0,D,0,0
2439,RESERVE,0,0,D,0,0
2440,RESERVE,0,0,D,376.928845,0
2441,RESERVE,0,0,D,0,0
2442,RESERVE,0,0,D,0,0
2443,RESERVE,0,1,E,0,0
2444,RESERVE,0,0,D,0,0
2445,RESERVE,0,0,D,0,0
2446,RESERVE,0,0,D,0,0
2447,RESERVE,0,0,D,0,0
2448,GREENERY,0,9,F,0,0
2449,RESIDENTIAL,0,0,D,0,0
2450,RESIDENTIAL,0,1,E,153.629596,2
2451,RESIDENTIAL,17,19,B,0,3
2452,BUSINESS,0,22,B,0,1
2453,RESIDENTIAL,1,38,B,230.091798,6
2454,RESIDENTIAL,8,36,B,0,2
2455,GREENERY,3,0,F,1329.083728,3
2456,TRANSPORTATION,0,13,B,301.631109,5
2457,RESIDENTIAL,0,2,F,460.5294,0
2458,RESIDENTIAL,0,6,A,0,2
2459,RESIDENTIAL,1,8,A,140.285025,3
2460,RESIDENTIAL,19,12,B,287.737499,4
2461,RESIDENTIAL,0,7,A,0,2
2462,RESIDENTIAL,0,3,A,115.628868,2
2463,RESIDENTIAL,6,124,A,0,4
2464,RESIDENTIAL,17,43,A,141.358321,6
2465,BUSINESS,1,15,B,161.568955,6
2466,BUSINESS,0,2,B,0,0
2467,RESERVE,0,0,B,0,0
2468,RESERVE,0,0,F,0,0
2469,RESERVE,0,0,D,0,0
2470,RESERVE,0,0,D,0,0
2471,RESERVE,0,0,D,0,0
2472,BUSINESS,0,0,F,0,0
2473,RESIDENTIAL,1,2,B,0,4
2474,RESIDENTIAL,9,20,B,68.232717,6
2475,RESIDENTIAL,2,14,B,0,4
2476,GREENERY,18,20,F,1032.515069,3
2477,RESIDENTIAL,29,39,B,136.416383,5
2478,RESIDENTIAL,20,7,B,0,7
2479,RESIDENTIAL,4,11,B,313.115772,9
2480,RESIDENTIAL,2,9,B,883.63999,0
2481,RESIDENTIAL,2,0,B,0,3
2482,COMMERCIAL,0,6,B,0,2
2483,COMMERCIAL,1,0,B,0,1
2484,TRANSPORTATION,0,0,F,47.518736,0
2485,TRANSPORTATION,0,0,B,0,0
2486,TRANSPORTATION,0,8,B,0,1
2487,TRANSPORTATION,0,0,B,0,0
2488,TRANSPORTATION,0,0,F,0,0
2489,TRANSPORTATION,0,0,C,0,0
2490,TRANSPORTATION,0,0,C,0,0
2491,TRANSPORTATION,0,0,C,0,0
2492,TRANSPORTATION,0,0,C,0,0
2493,RESERVE,0,0,D,0,0
2494,RESERVE,0,0,D,0,0
2495,RESERVE,0,0,B,0,0
2496,RESERVE,0,0,G,0,0
2503,COMMERCIAL,0,0,G,547.139461,0
2505,RESERVE,0,0,G,0,0
2506,RESERVE,0,0,D,0,0
2507,RESERVE,0,0,D,0,0
2508,RESERVE,0,0,C,0,0
2509,RESERVE,0,0,D,0,0
2510,RESERVE,0,0,D,0,0
2511,RESERVE,0,0,D,0,0
2512,RESERVE,0,0,D,0,0
2513,RESERVE,0,8,D,0,1
2514,COMMERCIAL,0,35,E,0,2
2515,COMMERCIAL,0,11,E,0,1
2516,BUSINESS,0,2,D,0,0
2517,RESIDENTIAL,2,0,B,296.717279,0
2518,RESIDENTIAL,7,26,B,0,2
2519,BUSINESS,8,8,F,0,6
2520,BUSINESS,0,4,A,0,0
2521,RESIDENTIAL,6,11,B,0,1
2522,RESIDENTIAL,9,28,B,0,3
2523,RESIDENTIAL,17,19,B,0,2
2524,RESIDENTIAL,1,13,B,708.294191,4
2525,RESIDENTIAL,1,0,E,0,0
2526,RESIDENTIAL,0,4,D,0,1
2527,RESIDENTIAL,0,5,B,0,2
2528,RESIDENTIAL,1,12,B,0,4
2529,GREENERY,4,20,D,873.862913,4
2530,RESIDENTIAL,7,23,B,0,8
2531,RESIDENTIAL,9,0,D,0,4
2532,RESIDENTIAL,0,0,D,0,0
2533,RESIDENTIAL,0,0,D,0,2
2534,RESERVE,0,0,D,0,0
2535,RESERVE,0,0,D,0,0
2536,RESERVE,0,0,D,0,0
2537,RESERVE,0,0,E,181.553081,0
2538,RESERVE,0,0,D,0,0
2539,RESERVE,0,0,D,0,0
2540,RESERVE,0,0,D,0,0
2541,RESERVE,0,0,D,0,0
2542,RESERVE,0,0,D,0,0
2543,RESERVE,0,0,D,0,0
2544,RESERVE,0,0,D,0,0
2545,RESIDENTIAL,0,0,D,0,0
2546,RESERVE,0,0,D,0,0
2547,RESIDENTIAL,1,61,A,172.510586,1
2548,RESIDENTIAL,6,102,B,0,8
2549,RESIDENTIAL,0,11,B,249.933983,2
2550,RESIDENTIAL,0,18,B,14.695349,3
2551,RESIDENTIAL,0,2,F,1031.425706,3
2552,TRANSPORTATION,0,1,A,106.825406,0
2553,RESIDENTIAL,0,7,B,613.176258,0
2554,RESIDENTIAL,3,0,B,110.24447,5
2555,RESIDENTIAL,14,27,B,193.627522,5
2556,RESIDENTIAL,11,52,B,330.684295,4
2557,RESIDENTIAL,3,33,B,2709.942692,8
2558,RESIDENTIAL,4,9,B,0,2
2559,RESIDENTIAL,12,72,B,112.42004,3
2560,RESIDENTIAL,13,92,B,253.449026,8
2561,BUSINESS,0,15,B,0,2
2562,BUSINESS,0,0,B,0,1
2563,RESERVE,0,0,F,0,0
2564,RESERVE,0,0,B,0,0
2565,RESERVE,0,0,D,0,0
2566,RESERVE,0,0,F,0,0
2568,BUSINESS,0,0,B,0,1
2569,RESIDENTIAL,6,14,B,0,6
2570,RESIDENTIAL,13,23,B,0,3
2571,RESIDENTIAL,6,96,B,0,4
2572,COMMERCIAL,15,247,A,1114.24078,7
2573,RESIDENTIAL,25,17,B,203.228897,8
2574,RESIDENTIAL,33,79,B,394.159926,4
2575,RESIDENTIAL,6,26,B,51.130731,5
2576,RESIDENTIAL,14,27,B,1251.050999,3
2577,BUSINESS,0,1,B,385.016082,5
2578,BUSINESS,1,0,A,0,2
2579,TRANSPORTATION,0,1,F,0,0
2580,TRANSPORTATION,0,0,B,0,0
2581,TRANSPORTATION,0,87,B,0,0
2582,TRANSPORTATION,0,86,B,0,1
2583,TRANSPORTATION,0,0,B,0,0
2584,TRANSPORTATION,0,0,C,0,0
2585,TRANSPORTATION,0,0,C,0,0
2586,TRANSPORTATION,0,0,C,0,0
2587,TRANSPORTATION,0,0,C,0,0
2588,RESERVE,0,0,D,0,0
2589,RESERVE,0,0,C,0,0
2590,RESERVE,0,0,C,0,0
2591,RESERVE,0,0,C,0,0
2592,RESERVE,0,0,G,0,0
2599,COMMERCIAL,0,1,B,3039.52468,0
2602,RESERVE,0,0,G,0,0
2603,RESERVE,0,0,D,0,0
2604,RESERVE,0,0,D,0,0
2605,RESERVE,0,0,D,0,0
2606,RESERVE,0,0,D,0,0
2607,RESERVE,0,0,D,0,0
2608,RESERVE,0,0,D,0,1
2609,COMMERCIAL,0,89,E,0,3
2610,COMMERCIAL,0,1,A,0,3
2611,COMMERCIAL,0,2,B,0,1
2612,BUSINESS,2,17,B,305.694625,2
2613,RESIDENTIAL,7,36,B,0,8
2614,RESIDENTIAL,6,27,B,0,6
2615,RESIDENTIAL,5,0,E,0,0
2616,RESIDENTIAL,7,17,E,168.004858,10
2617,RESIDENTIAL,17,16,E,125.781161,5
2618,RESIDENTIAL,7,143,B,0,7
2619,RESIDENTIAL,27,93,B,0,5
2620,RESIDENTIAL,3,23,B,366.906565,4
2621,RESIDENTIAL,11,11,B,168.845979,3
2622,RESIDENTIAL,0,1,B,420.914711,5
2623,RESIDENTIAL,7,87,B,0,5
2624,RESIDENTIAL,14,18,B,579.522386,8
2625,RESIDENTIAL,11,92,B,910.554798,5
2626,RESIDENTIAL,14,57,B,287.740895,6
2627,RESIDENTIAL,10,33,D,69.010034,4
2628,GREENERY,1,1,D,0,2
2629,GREENERY,0,1,D,137.091792,5
2630,RESIDENTIAL,0,1,B,0,0
2631,RESERVE,0,0,D,0,0
2632,RESERVE,0,6,D,0,0
2633,RESIDENTIAL,0,0,D,0,0
2634,TRANSPORTATION,0,0,E,1443.691003,0
2635,RESIDENTIAL,0,0,D,492.537249,0
2636,RESERVE,0,0,D,0,0
2637,GREENERY,0,0,D,0,0
2638,GREENERY,0,0,F,0,0
2639,RESERVE,0,0,D,0,0
2640,RESERVE,0,0,D,0,0
2641,RESERVE,0,0,D,0,0
2642,RESERVE,0,0,D,0,0
2643,RESERVE,0,0,D,0,0
2644,RESIDENTIAL,5,1,B,141.279917,2
2645,BUSINESS,0,19,B,161.541847,4
2646,RESIDENTIAL,0,12,A,134.33113,3
2647,RESIDENTIAL,18,154,B,0,6
2648,RESIDENTIAL,16,17,B,0,4
2649,RESIDENTIAL,0,5,B,301.984681,1
2650,RESIDENTIAL,0,7,A,108.816952,1
2651,RESIDENTIAL,9,49,A,0,4
2652,RESIDENTIAL,3,137,B,2514.028922,10
2653,RESIDENTIAL,12,27,B,89.595106,3
2654,RESIDENTIAL,0,1,B,163.846192,4
2655,RESIDENTIAL,4,18,C,0,0
2656,TRANSPORTATION,1,2,F,30.109429,5
2657,BUSINESS,0,9,B,0,0
2658,RESERVE,0,0,B,0,3
2659,RESERVE,0,0,F,0,0
2660,RESERVE,0,0,D,0,0
2661,RESERVE,0,0,E,0,0
2662,RESERVE,0,0,F,0,0
2664,RESIDENTIAL,1,1,B,50.832449,2
2665,COMMERCIAL,9,72,B,403.407987,6
2666,RESIDENTIAL,21,105,B,0,6
2667,RESIDENTIAL,9,45,B,320.531297,5
2668,RESIDENTIAL,5,32,B,219.043958,3
2669,RESIDENTIAL,16,10,B,1452.371729,3
2670,RESIDENTIAL,16,21,A,333.93623,5
2671,RESIDENTIAL,8,1,B,472.184034,3
2672,RESIDENTIAL,1,0,A,497.033619,2
2673,BUSINESS,0,1,B,2081.85456,4
2674,BUSINESS,1,12,B,0,2
2675,TRANSPORTATION,0,0,F,0,0
2676,TRANSPORTATION,0,0,B,0,0
2677,TRANSPORTATION,0,0,B,0,2
2678,TRANSPORTATION,0,0,B,0,0
2679,TRANSPORTATION,0,0,C,0,0
2680,TRANSPORTATION,0,0,C,0,0
2681,TRANSPORTATION,0,0,C,0,0
2682,TRANSPORTATION,0,0,C,0,0
2683,TRANSPORTATION,0,0,C,0,0
2684,RESERVE,0,0,D,0,0
2685,RESERVE,0,0,C,0,0
2686,RESERVE,0,0,C,0,0
2687,RESERVE,0,0,G,0,0
2695,GREENERY,0,0,G,307.115847,0
2696,RESERVE,0,0,B,678.733063,6
2697,GREENERY,0,0,F,231.27396,0
2699,RESERVE,0,0,D,0,0
2700,RESERVE,0,0,D,0,0
2701,RESERVE,0,0,D,0,0
2702,RESERVE,0,0,D,0,0
2703,RESERVE,0,0,D,0,0
2704,RESERVE,0,0,C,0,0
2705,COMMERCIAL,0,10,D,0,1
2706,COMMERCIAL,0,2,A,0,1
2707,COMMERCIAL,3,18,B,491.662326,4
2708,RESIDENTIAL,12,26,B,644.051783,8
2709,RESIDENTIAL,12,37,B,84.218798,7
2710,RESIDENTIAL,11,11,B,0,8
2711,RESIDENTIAL,11,26,B,293.896941,7
2712,RESIDENTIAL,15,38,E,0,4
2713,RESIDENTIAL,9,104,B,903.617493,8
2714,RESIDENTIAL,8,16,B,1352.41088,4
2717,RESIDENTIAL,4,18,B,831.945841,10
2718,RESIDENTIAL,6,68,B,1331.844974,5
2719,RESIDENTIAL,8,26,B,353.927152,1
2720,RESIDENTIAL,11,8,B,2173.579206,4
2721,BUSINESS,4,49,B,22.357911,2
2722,RESIDENTIAL,1,30,B,137.528064,5
2723,RESIDENTIAL,5,19,D,343.436584,4
2724,RESERVE,0,0,D,0,0
2725,RESIDENTIAL,0,5,B,0,5
2726,RESIDENTIAL,9,29,A,618.402911,3
2727,RESIDENTIAL,3,65,D,1495.736002,1
2728,RESERVE,0,0,D,1506.646305,0
2729,RESIDENTIAL,0,0,E,477.111984,0
2730,RESIDENTIAL,0,11,E,0,0
2731,RESIDENTIAL,0,3,E,0,0
2732,RESIDENTIAL,0,0,D,0,0
2733,GREENERY,0,0,F,0,0
2734,GREENERY,0,0,F,0,0
2735,GREENERY,0,0,G,0,0
2740,RESERVE,0,0,D,2660.31941,3
2741,COMMERCIAL,0,17,E,1897.144451,6
2742,RESIDENTIAL,2,16,B,1537.181113,3
2743,RESIDENTIAL,11,62,B,1200.754394,6
2744,RESIDENTIAL,10,33,B,2812.149658,2
2745,TRANSPORTATION,0,13,B,2285.851132,3
2746,RESIDENTIAL,0,0,B,248.94526,2
2747,RESIDENTIAL,0,1,B,336.742709,4
2748,RESIDENTIAL,0,10,B,2178.918456,5
2749,RESIDENTIAL,3,1,B,186.32689,6
2750,RESIDENTIAL,0,18,B,285.958435,7
2751,RESIDENTIAL,0,17,C,392.600216,1
2752,RESERVE,0,3,B,1529.588837,3
2753,BUSINESS,0,1,B,801.741427,0
2754,RESERVE,0,2,F,0,3
2755,RESERVE,0,0,B,0,0
2756,RESERVE,0,0,D,0,0
2757,RESERVE,0,0,D,0,0
2758,RESERVE,0,0,F,1691.598111,0
2761,COMMERCIAL,0,0,G,107.010902,0
2762,RESIDENTIAL,4,0,A,151.060573,2
2763,RESIDENTIAL,2,21,B,0,2
2764,BUSINESS,6,80,B,231.602023,0
2765,RESIDENTIAL,7,1,E,807.181165,1
2766,RESIDENTIAL,45,88,B,1321.092792,7
2767,RESIDENTIAL,18,2,B,0,8
2768,RESIDENTIAL,3,1,A,0,2
2769,BUSINESS,0,15,A,591.389573,0
2770,BUSINESS,0,7,B,68.208772,2
2771,TRANSPORTATION,0,0,C,0,0
2772,TRANSPORTATION,0,1,B,0,1
2773,TRANSPORTATION,0,9,B,0,0
2774,TRANSPORTATION,0,0,B,0,0
2775,TRANSPORTATION,0,0,C,0,0
2776,TRANSPORTATION,0,0,C,0,0
2777,TRANSPORTATION,0,0,C,0,0
2778,TRANSPORTATION,0,0,C,0,0
2779,RESERVE,0,0,E,0,0
2780,RESERVE,0,0,C,0,0
2781,RESERVE,0,0,C,0,0
2782,RESERVE,0,0,C,0,0
2783,RESERVE,0,0,G,0,0
2791,GREENERY,0,5,F,530.233788,1
2792,RESERVE,0,0,F,382.265476,3
2793,TRANSPORTATION,0,1,B,0,1
2794,GREENERY,0,0,F,107.77591,2
2796,RESERVE,0,0,D,0,0
2797,RESERVE,0,0,D,0,0
2798,RESERVE,0,0,D,0,0
2799,RESERVE,0,0,D,0,0
2800,RESERVE,0,0,D,0,0
2801,RESERVE,0,0,D,291.457159,2
2802,RESERVE,0,7,F,0,0
2803,RESIDENTIAL,3,14,B,0,5
2804,RESIDENTIAL,13,23,B,93.94526,6
2805,RESIDENTIAL,14,18,B,1004.27197,12
2806,RESIDENTIAL,15,1,B,1191.857763,6
2807,RESIDENTIAL,12,190,B,1503.738716,4
2808,BUSINESS,3,11,B,1209.81799,4
2809,BUSINESS,1,2,B,275.816287,2
2810,RESIDENTIAL,8,16,B,0,5
2811,GREENERY,4,0,C,0,7
2813,GREENERY,0,1,F,701.37142,2
2814,RESIDENTIAL,18,33,B,1922.708626,4
2815,RESIDENTIAL,16,9,B,1423.300487,7
2816,RESIDENTIAL,2,27,B,870.354308,2
2817,BUSINESS,1,16,B,703.074948,0
2818,BUSINESS,1,62,B,0,5
2819,BUSINESS,1,27,B,0,3
2820,RESERVE,0,0,D,0,5
2821,RESIDENTIAL,0,7,B,0,6
2822,RESIDENTIAL,3,34,A,0,4
2823,TRANSPORTATION,3,121,B,2512.36682,3
2824,RESIDENTIAL,1,0,E,42.658184,0
2825,RESIDENTIAL,0,0,E,0,0
2826,RESIDENTIAL,0,31,E,0,0
2827,RESIDENTIAL,0,0,E,0,0
2828,RESIDENTIAL,0,0,D,0,0
2829,RESIDENTIAL,0,0,D,872.347316,0
2830,RESIDENTIAL,0,8,D,72.000621,0
2831,GREENERY,0,0,D,0,0
2832,RESERVE,0,0,D,128.335575,2
2833,GREENERY,0,0,D,493.805476,2
2834,GREENERY,0,0,D,762.787874,2
2835,RESIDENTIAL,0,1,E,512.7504,2
2836,RESIDENTIAL,0,6,E,1127.92427,3
2837,RESIDENTIAL,0,9,B,100.562836,5
2838,RESIDENTIAL,21,105,A,0,6
2839,RESIDENTIAL,15,73,B,91.984208,6
2840,RESIDENTIAL,16,116,B,150.917304,7
2841,RESIDENTIAL,10,14,B,151.155149,4
2842,RESERVE,0,0,B,2207.371054,0
2843,RESIDENTIAL,0,3,E,0,0
2844,GREENERY,0,0,D,424.03786,5
2845,COMMERCIAL,0,9,E,0,0
2846,COMMERCIAL,0,16,B,353.885224,1
2847,TRANSPORTATION,1,48,B,1246.306991,4
2848,BUSINESS,0,18,B,175.125501,2
2849,BUSINESS,0,0,B,1231.297205,3
2850,RESERVE,0,8,B,823.767187,1
2851,RESERVE,0,2,D,585.376779,0
2852,RESERVE,0,22,D,1070.918005,0
2853,BUSINESS,2,22,B,1212.587551,0
2854,BUSINESS,0,0,D,300.039358,3
2858,RESIDENTIAL,0,3,G,176.922628,4
2859,RESIDENTIAL,0,8,B,0,0
2860,BUSINESS,0,27,B,0,0
2861,TRANSPORTATION,0,29,A,670.484705,6
2862,RESIDENTIAL,7,13,B,394.69257,2
2863,RESIDENTIAL,4,0,B,713.121472,1
2864,COMMERCIAL,0,16,B,0,4
2865,BUSINESS,0,1,F,396.376852,0
2866,BUSINESS,0,0,F,155.067707,0
2867,TRANSPORTATION,0,0,C,287.724373,0
2868,TRANSPORTATION,0,0,C,962.936907,1
2869,TRANSPORTATION,0,55,A,0,0
2870,TRANSPORTATION,0,0,B,0,0
2871,TRANSPORTATION,0,0,C,0,0
2872,TRANSPORTATION,0,0,C,0,0
2873,TRANSPORTATION,0,0,C,0,0
2874,TRANSPORTATION,0,0,C,0,0
2875,RESERVE,0,0,D,0,0
2876,RESERVE,0,0,C,0,0
2877,RESERVE,0,0,C,0,0
2878,RESERVE,0,0,C,0,0
2886,BUSINESS,0,0,G,0,0
2887,BUSINESS,0,0,B,1080.2774,3
2888,BUSINESS,0,0,B,36.572388,0
2889,BUSINESS,0,6,B,0,6
2890,BUSINESS,0,2,A,0,2
2891,GREENERY,0,1,F,0,2
2892,RESERVE,0,0,F,0,0
2893,RESERVE,0,0,D,0,0
2894,RESERVE,0,0,D,0,0
2895,RESERVE,0,0,B,0,0
2896,RESERVE,0,0,B,139.017306,0
2897,RESERVE,0,0,D,0,0
2898,RESERVE,0,0,D,0,0
2899,RESERVE,0,0,B,201.666627,0
2900,RESIDENTIAL,2,0,B,1391.142541,6
2901,RESIDENTIAL,13,43,B,0,6
2902,RESIDENTIAL,5,32,B,0,3
2903,BUSINESS,2,7,B,126.735018,5
2904,BUSINESS,1,24,B,0,8
2905,BUSINESS,0,3,A,0,2
2906,RESIDENTIAL,1,138,A,0,6
2907,RESIDENTIAL,9,0,B,0,6
2908,GREENERY,0,0,F,0,0
2909,GREENERY,0,3,G,0,2
2910,RESIDENTIAL,3,63,B,393.837494,6
2911,RESERVE,3,315,B,3094.846573,4
2912,BUSINESS,0,70,A,732.723442,2
2913,BUSINESS,0,12,F,141.916821,4
2914,TRANSPORTATION,0,12,B,227.322102,3
2915,TRANSPORTATION,0,18,B,2202.141884,2
2916,RESERVE,0,0,E,1231.480474,1
2917,RESIDENTIAL,2,7,B,0,2
2918,RESIDENTIAL,0,0,E,47.00838,0
2919,COMMERCIAL,0,8,E,809.935735,2
2920,RESIDENTIAL,0,16,D,356.604646,4
2921,RESIDENTIAL,2,12,E,258.388696,2
2922,RESIDENTIAL,0,2,E,326.440908,2
2923,RESIDENTIAL,0,2,E,0,0
2924,RESIDENTIAL,0,0,A,0,0
2925,RESIDENTIAL,1,0,E,0,0
2926,RESIDENTIAL,1,2,B,0,0
2927,RESIDENTIAL,0,0,E,0,0
2928,RESIDENTIAL,0,0,D,522.53944,3
2929,GREENERY,0,0,D,266.095141,0
2930,GREENERY,0,0,D,0,0
2931,RESIDENTIAL,0,0,E,0,0
2932,RESIDENTIAL,0,1,E,183.479145,4
2933,RESIDENTIAL,0,9,B,139.772996,1
2934,RESIDENTIAL,12,31,B,96.08705,6
2935,RESIDENTIAL,23,117,B,0,7
2936,RESIDENTIAL,12,21,B,251.23724,9
2937,RESIDENTIAL,9,106,B,0,6
2938,RESIDENTIAL,11,11,B,1778.295493,3
2939,RESIDENTIAL,12,16,B,211.69446,3
2940,RESIDENTIAL,0,9,F,120.17375,2
2941,RESIDENTIAL,2,28,A,0,4
2942,RESIDENTIAL,11,17,A,0,0
2943,BUSINESS,4,78,B,189.559588,3
2944,BUSINESS,0,73,F,243.344225,5
2945,BUSINESS,0,39,A,0,2
2946,BUSINESS,0,10,A,628.032983,5
2947,BUSINESS,0,58,B,329.407092,3
2948,BUSINESS,2,43,B,294.012515,7
2949,RESIDENTIAL,23,73,B,276.812583,4
2950,RESIDENTIAL,11,0,B,855.409711,5
2951,RESIDENTIAL,9,17,E,586.720696,0
2952,RESIDENTIAL,7,15,B,254.626074,2
2953,RESIDENTIAL,10,57,B,598.321756,3
2954,RESIDENTIAL,12,27,B,720.492961,2
2955,RESIDENTIAL,5,27,B,688.109176,4
2956,RESIDENTIAL,3,21,A,114.228781,2
2957,BUSINESS,0,58,A,239.139367,7
2958,COMMERCIAL,0,21,A,105.543683,4
2959,COMMERCIAL,0,0,A,1297.585274,8
2960,BUSINESS,0,106,A,524.170025,6
2961,BUSINESS,1,55,B,0,2
2962,BUSINESS,0,11,A,15.634022,2
2963,GREENERY,0,0,E,0,0
2964,TRANSPORTATION,0,0,F,613.771874,0
2965,TRANSPORTATION,0,0,B,0,0
2966,TRANSPORTATION,0,0,F,0,0
2967,TRANSPORTATION,0,0,C,0,0
2968,TRANSPORTATION,0,0,C,0,0
2969,TRANSPORTATION,0,0,C,0,0
2970,TRANSPORTATION,0,0,C,0,0
2971,RESERVE,0,0,C,0,0
2972,RESERVE,0,0,C,0,0
2973,RESERVE,0,0,C,165.664519,0
2974,RESERVE,0,0,G,0,0
2982,BUSINESS,0,1,G,0,0
2983,BUSINESS,0,1,A,28.102632,3
2984,BUSINESS,0,14,A,2433.230666,4
2985,BUSINESS,0,0,A,243.423869,2
2986,BUSINESS,3,12,B,0,2
2987,BUSINESS,0,12,A,0,3
2988,GREENERY,0,1,F,0,1
2989,GREENERY,0,0,F,0,0
2990,RESERVE,0,0,F,0,0
2991,RESERVE,0,0,B,0,0
2992,BUSINESS,0,0,A,936.185472,2
2993,RESERVE,0,10,B,0,2
2994,RESERVE,0,16,B,0,3
2995,BUSINESS,0,13,B,1179.913273,3
2996,BUSINESS,0,8,B,0,0
2997,BUSINESS,0,25,A,115.021323,5
2998,BUSINESS,0,11,F,0,4
2999,BUSINESS,0,1,B,0,4
3000,BUSINESS,0,4,A,0,2
3001,BUSINESS,0,1,A,0,2
3002,BUSINESS,2,1,B,0,4
3003,RESIDENTIAL,2,12,C,0,10
3004,GREENERY,0,0,G,0,0
3005,RESERVE,0,0,F,0,0
3006,RESERVE,0,3,F,352.270985,2
3007,RESERVE,1,3,B,1652.1756,3
3008,TRANSPORTATION,2,70,B,1663.17966,4
3009,TRANSPORTATION,0,14,B,623.481659,0
3010,TRANSPORTATION,0,0,B,32.496593,1
3011,TRANSPORTATION,0,1,B,0,3
3012,RESIDENTIAL,0,0,E,710.584877,0
3013,RESIDENTIAL,0,0,E,0,1
3014,COMMERCIAL,0,64,B,0,0
3015,RESIDENTIAL,0,24,D,303.047565,3
3016,RESIDENTIAL,0,0,D,0,0
3017,RESIDENTIAL,0,0,E,0,0
3018,RESIDENTIAL,0,11,E,0,1
3019,RESIDENTIAL,1,42,E,514.058624,6
3020,RESIDENTIAL,0,14,B,260.119884,2
3021,COMMERCIAL,0,35,B,0,1
3022,RESIDENTIAL,0,7,A,0,0
3023,RESIDENTIAL,0,3,E,246.314751,2
3024,RESIDENTIAL,0,3,E,146.889697,0
3025,GREENERY,0,0,D,0,0
3026,RESIDENTIAL,0,0,E,0,0
3027,RESIDENTIAL,0,0,E,0,0
3028,RESIDENTIAL,0,1,E,5.706776,1
3029,RESIDENTIAL,4,17,B,2269.96481,4
3030,RESIDENTIAL,5,18,B,1409.736388,6
3031,TRANSPORTATION,12,85,B,580.671863,3
3032,RESIDENTIAL,5,8,B,767.094573,3
3033,RESIDENTIAL,7,29,B,1484.060137,2
3034,TRANSPORTATION,0,20,B,4775.223401,0
3035,TRANSPORTATION,16,64,B,1363.39715,9
3036,RESIDENTIAL,2,9,A,96.417996,5
3037,BUSINESS,2,37,B,0,2
3038,RESIDENTIAL,6,28,B,0,5
3039,RESIDENTIAL,13,52,B,0,3
3040,BUSINESS,0,29,B,167.438149,5
3041,BUSINESS,0,66,B,0,4
3042,BUSINESS,0,59,A,13.871021,5
3043,RESIDENTIAL,10,40,B,1115.195607,4
3044,RESIDENTIAL,7,26,A,0,4
3045,RESIDENTIAL,8,16,B,38.60145,4
3046,BUSINESS,14,11,B,292.492443,0
3047,RESIDENTIAL,5,5,B,824.000535,1
3048,RESIDENTIAL,19,82,B,151.56124,8
3049,RESIDENTIAL,10,67,B,0,7
3050,RESIDENTIAL,17,27,B,124.699304,6
3051,RESIDENTIAL,12,131,B,106.115331,4
3052,RESIDENTIAL,4,30,A,0,0
3053,RESIDENTIAL,0,67,B,994.85167,5
3054,TRANSPORTATION,1,1,B,2617.492319,3
3055,TRANSPORTATION,0,28,B,1591.49501,2
3056,BUSINESS,0,1,B,51.646137,3
3057,BUSINESS,0,10,A,0,3
3058,GREENERY,0,0,E,0,0
3059,GREENERY,0,0,E,207.547156,0
3060,RESERVE,0,7,F,0,0
3061,TRANSPORTATION,0,0,F,0,0
3062,TRANSPORTATION,0,0,C,0,0
3063,TRANSPORTATION,0,0,C,0,0
3064,TRANSPORTATION,0,0,C,0,0
3065,TRANSPORTATION,0,0,C,0,0
3066,RESERVE,0,0,D,0,0
3067,RESERVE,0,0,C,0,0
3068,RESERVE,0,0,C,0,0
3069,RESERVE,0,0,C,0,0
3078,BUSINESS,0,4,G,0,2
3079,BUSINESS,0,1,B,1323.766851,1
3080,BUSINESS,0,1,B,45.90667,2
3081,BUSINESS,0,13,A,2509.355536,2
3082,BUSINESS,0,0,B,416.775311,5
3083,BUSINESS,0,0,A,0,4
3084,BUSINESS,0,2,A,0,5
3085,GREENERY,0,0,A,434.428515,0
3086,GREENERY,0,1,F,1249.934972,3
3087,BUSINESS,1,11,B,1002.194827,4
3088,BUSINESS,0,1,A,1002.176495,3
3089,BUSINESS,0,46,B,1479.172494,7
3090,BUSINESS,2,1,A,1000.000354,9
3091,BUSINESS,0,14,A,379.780802,4
3092,BUSINESS,0,2,A,65.956426,8
3093,BUSINESS,0,20,B,63.0842,6
3094,BUSINESS,0,9,A,0,1
3095,BUSINESS,1,9,A,115.265293,0
3096,BUSINESS,0,2,A,0,6
3097,BUSINESS,0,2,A,0,2
3098,BUSINESS,3,3,F,414.627232,7
3099,TRANSPORTATION,0,32,B,232.945864,3
3100,GREENERY,0,0,B,122.092828,2
3101,RESERVE,0,1,G,153.523764,0
3102,RESIDENTIAL,0,0,C,186.957582,3
3103,RESERVE,0,1,F,399.331149,2
3104,BUSINESS,0,1,A,494.925307,4
3105,RESERVE,0,17,B,466.88231,2
3106,RESERVE,2,9,B,1031.414727,2
3107,TRANSPORTATION,0,1,B,888.150693,2
3108,RESIDENTIAL,0,5,E,115.148944,4
3109,RESIDENTIAL,1,0,D,0,2
3110,RESIDENTIAL,0,0,D,63.079409,4
3111,RESIDENTIAL,0,0,D,0,1
3112,RESIDENTIAL,0,0,E,0,0
3113,RESIDENTIAL,0,0,G,0,0
3114,RESIDENTIAL,0,0,D,0,3
3115,RESIDENTIAL,0,2,B,0,0
3116,COMMERCIAL,0,29,A,0,0
3117,COMMERCIAL,0,0,A,223.570894,1
3118,RESIDENTIAL,0,16,B,464.90747,4
3119,RESIDENTIAL,1,33,E,732.454762,2
3120,RESIDENTIAL,0,0,E,0,0
3121,RESIDENTIAL,0,0,E,0,0
3122,RESIDENTIAL,0,1,E,291.968083,1
3123,RESIDENTIAL,0,0,E,0,1
3124,RESIDENTIAL,0,11,A,419.635528,2
3125,RESIDENTIAL,1,23,B,653.679309,4
3126,RESIDENTIAL,4,75,B,0,6
3127,RESIDENTIAL,26,50,B,92.561076,7
3128,RESIDENTIAL,13,43,B,24.123127,5
3129,RESIDENTIAL,17,18,B,1495.535152,3
3130,RESIDENTIAL,31,16,B,506.731388,2
3131,TRANSPORTATION,9,20,B,1893.505644,4
3132,BUSINESS,0,28,B,65.577168,3
3133,BUSINESS,0,29,A,0,1
3134,RESIDENTIAL,0,21,B,145.224588,5
3135,RESIDENTIAL,27,131,B,67.378785,4
3136,RESIDENTIAL,0,11,B,165.315528,8
3137,BUSINESS,0,67,A,0,6
3138,RESIDENTIAL,13,27,B,0,4
3139,RESIDENTIAL,8,27,B,700.303786,2
3140,RESIDENTIAL,0,0,A,394.888241,0
3141,RESIDENTIAL,0,10,B,67.920897,3
3142,RESIDENTIAL,2,15,B,0,2
3143,RESIDENTIAL,12,24,B,0,3
3144,RESIDENTIAL,10,19,B,25.745009,4
3145,COMMERCIAL,10,242,A,970.937573,4
3146,RESIDENTIAL,8,107,B,1008.339369,6
3147,RESIDENTIAL,10,129,B,1117.937488,4
3148,RESIDENTIAL,4,10,B,1235.030251,4
3149,RESIDENTIAL,1,9,B,1367.633868,0
3150,RESIDENTIAL,1,0,B,0,4
3151,BUSINESS,0,0,C,0,0
3152,BUSINESS,0,4,B,0,0
3153,GREENERY,0,0,F,0,2
3154,TRANSPORTATION,0,0,E,2353.884222,0
3155,RESERVE,0,0,B,367.201316,0
3156,RESERVE,0,0,B,127.029295,0
3157,TRANSPORTATION,0,0,F,0,0
3158,TRANSPORTATION,0,0,C,0,0
3159,TRANSPORTATION,0,0,C,0,0
3160,TRANSPORTATION,0,0,C,0,0
3161,TRANSPORTATION,0,0,C,0,0
3162,RESERVE,0,0,D,0,0
3163,RESERVE,0,0,C,0,0
3164,RESERVE,0,0,C,0,0
3165,RESERVE,0,0,D,0,0
3166,RESERVE,0,0,G,0,0
3167,RESERVE,0,0,G,0,0
3168,RESERVE,0,0,G,0,0
3173,BUSINESS,0,0,G,0,0
3174,BUSINESS,0,0,G,786.509133,2
3175,BUSINESS,0,7,B,176.858314,1
3176,BUSINESS,0,10,B,0,1
3177,BUSINESS,0,0,B,0,1
3178,BUSINESS,0,0,A,2389.583569,2
3179,BUSINESS,2,1,A,643.174367,5
3180,BUSINESS,0,15,A,0,2
3181,BUSINESS,0,0,A,1437.969786,4
3182,BUSINESS,0,2,B,965.587599,1
3183,BUSINESS,0,3,B,197.281174,5
3184,BUSINESS,0,2,A,158.613741,1
3185,BUSINESS,1,7,B,1001.037942,7
3186,BUSINESS,0,1,F,136.726955,5
3187,BUSINESS,0,2,B,176.278068,2
3188,BUSINESS,0,3,B,463.5853,2
3189,BUSINESS,0,5,F,967.838381,4
3190,BUSINESS,0,3,B,206.540688,2
3191,GREENERY,0,11,B,814.329218,2
3192,BUSINESS,0,2,A,1012.682167,3
3193,BUSINESS,1,2,A,362.386606,0
3194,BUSINESS,0,8,B,741.825402,4
3195,BUSINESS,0,1,A,73.674044,0
3196,RESERVE,0,13,F,0,0
3197,RESIDENTIAL,0,6,G,0,0
3198,RESIDENTIAL,15,38,B,0,8
3199,RESIDENTIAL,16,43,F,178.335264,5
3200,TRANSPORTATION,3,13,B,1269.029754,8
3201,RESIDENTIAL,2,0,B,2708.821527,0
3202,RESIDENTIAL,2,4,B,298.186995,2
3203,RESIDENTIAL,1,8,B,1090.139952,2
3204,RESIDENTIAL,7,0,E,614.622105,2
3205,RESIDENTIAL,8,52,E,0,3
3206,RESIDENTIAL,0,2,E,193.478746,3
3207,RESIDENTIAL,3,2,D,138.771216,4
3208,RESIDENTIAL,0,0,D,38.995282,1
3209,RESIDENTIAL,0,0,A,0,1
3210,RESIDENTIAL,1,0,D,0,4
3211,RESIDENTIAL,3,0,A,0,0
3212,RESIDENTIAL,1,0,E,0,0
3213,RESIDENTIAL,0,0,B,38.580482,0
3214,RESIDENTIAL,0,27,A,659.706706,1
3215,RESIDENTIAL,0,23,E,1313.951801,4
3216,GREENERY,0,5,E,97.315032,3
3217,RESIDENTIAL,1,7,E,1032.49536,2
3218,RESIDENTIAL,0,28,E,1679.565767,5
3219,RESIDENTIAL,0,8,E,0,1
3220,RESIDENTIAL,0,12,F,0,0
3221,RESIDENTIAL,0,25,A,247.649042,4
3222,COMMERCIAL,0,153,A,0,1
3223,RESIDENTIAL,5,5,B,0,1
3224,RESIDENTIAL,21,96,B,976.580825,4
3225,RESIDENTIAL,10,22,B,212.396796,1
3226,RESIDENTIAL,17,38,B,316.80829,4
3227,RESIDENTIAL,10,130,B,256.524084,3
3228,RESIDENTIAL,4,6,B,1288.385691,6
3229,BUSINESS,1,21,B,2200.490331,4
3230,RESIDENTIAL,3,0,A,1301.306221,4
3231,RESIDENTIAL,16,163,B,214.918643,1
3232,TRANSPORTATION,1,29,B,1184.077804,4
3233,RESERVE,0,29,B,92.792139,0
3234,RESERVE,1,19,A,405.898856,0
3235,RESIDENTIAL,11,97,B,1156.863011,5
3236,RESIDENTIAL,0,0,A,1014.57476,2
3237,RESIDENTIAL,2,21,B,1022.769922,6
3238,RESIDENTIAL,1,0,B,76.248273,3
3239,RESIDENTIAL,4,41,A,722.008865,2
3240,RESIDENTIAL,4,14,A,1106.352265,6
3241,BUSINESS,1,14,A,37.756872,1
3242,RESIDENTIAL,12,93,B,0,2
3243,RESIDENTIAL,11,4,B,0,4
3244,RESIDENTIAL,6,29,B,0,7
3245,RESIDENTIAL,6,0,A,0,1
3246,RESIDENTIAL,0,36,A,32.738349,5
3247,RESIDENTIAL,0,0,B,0,0
3248,GREENERY,0,0,F,0,0
3249,GREENERY,0,0,F,0,0
3250,GREENERY,0,5,E,0,0
3251,GREENERY,0,0,C,0,0
3252,TRANSPORTATION,0,0,F,0,0
3253,TRANSPORTATION,0,0,C,0,0
3254,TRANSPORTATION,0,0,C,0,0
3255,TRANSPORTATION,0,0,C,0,0
3256,TRANSPORTATION,0,0,C,0,0
3257,TRANSPORTATION,0,0,C,0,0
3258,RESERVE,0,0,D,0,0
3259,RESERVE,0,0,C,0,0
3260,RESERVE,0,0,D,0,0
3261,RESERVE,0,0,D,0,0
3262,RESERVE,0,0,E,0,0
3263,RESERVE,0,0,E,0,0
3264,RESERVE,0,0,G,0,0
3269,BUSINESS,0,0,G,0,0
3270,BUSINESS,0,18,B,0,3
3271,BUSINESS,0,11,B,100.20432,0
3272,BUSINESS,1,1,B,74.881663,2
3273,BUSINESS,0,1,B,0,2
3274,BUSINESS,0,0,B,0,2
3275,BUSINESS,0,22,B,2510.57808,3
3276,BUSINESS,0,0,B,2284.882455,4
3277,BUSINESS,0,1,B,359.733824,2
3278,BUSINESS,0,1,B,0,0
3279,BUSINESS,0,2,A,0,1
3280,BUSINESS,0,1,A,0,2
3281,BUSINESS,0,2,B,167.915164,3
3282,TRANSPORTATION,0,0,B,0,0
3283,BUSINESS,0,9,B,0,2
3284,BUSINESS,0,1,B,0,2
3285,BUSINESS,0,8,B,11.876041,1
3286,BUSINESS,0,0,F,0,1
3287,GREENERY,0,0,D,0,0
3288,BUSINESS,1,5,B,733.425263,4
3289,BUSINESS,1,2,B,0,1
3290,BUSINESS,0,10,B,0,5
3291,BUSINESS,0,4,B,0,0
3293,BUSINESS,0,17,A,0,0
3297,RESIDENTIAL,0,2,B,208.835156,4
3298,RESIDENTIAL,0,6,B,222.21688,2
3299,RESIDENTIAL,2,12,B,789.114883,1
3300,RESIDENTIAL,5,107,B,1433.583962,8
3301,RESIDENTIAL,18,38,B,330.960919,5
3302,RESIDENTIAL,0,1,B,366.843036,3
3303,RESIDENTIAL,1,5,E,0,4
3304,RESIDENTIAL,0,9,A,172.355326,5
3305,RESIDENTIAL,0,3,A,204.275272,6
3306,RESIDENTIAL,0,0,E,62.75102,1
3307,RESIDENTIAL,0,0,E,0,0
3308,RESIDENTIAL,0,0,E,0,0
3309,RESIDENTIAL,9,42,B,369.236927,2
3310,RESIDENTIAL,2,6,E,190.482289,3
3311,RESIDENTIAL,0,1,E,0,0
3312,GREENERY,0,12,E,0,0
3313,RESIDENTIAL,0,1,E,0,0
3314,RESIDENTIAL,2,1,E,195.403452,4
3315,RESIDENTIAL,3,2,E,327.608077,2
3316,RESIDENTIAL,4,12,B,472.837255,3
3317,RESIDENTIAL,4,13,B,79.700684,2
3318,RESIDENTIAL,7,82,B,495.212082,6
3319,RESIDENTIAL,17,80,B,571.618628,4
3320,TRANSPORTATION,6,22,A,348.864282,4
3321,RESIDENTIAL,7,31,A,87.960286,6
3322,BUSINESS,12,126,B,0,4
3323,RESIDENTIAL,0,21,B,216.714543,2
3324,RESIDENTIAL,9,86,B,540.027996,3
3325,RESIDENTIAL,9,34,B,1895.521251,2
3326,TRANSPORTATION,8,151,B,1173.461624,9
3327,RESIDENTIAL,13,23,A,1185.612227,4
3328,RESIDENTIAL,1,99,B,1012.738653,5
3329,COMMERCIAL,14,164,B,1293.382672,5
3330,RESIDENTIAL,12,152,A,704.431326,5
3331,RESIDENTIAL,0,12,A,0,3
3332,RESIDENTIAL,2,43,A,0,7
3333,RESIDENTIAL,0,16,A,0,3
3334,RESIDENTIAL,0,17,A,0,6
3335,RESIDENTIAL,0,5,A,0,6
3336,RESIDENTIAL,0,4,A,0,2
3337,BUSINESS,0,3,A,2.226245,3
3338,RESIDENTIAL,0,11,B,68.95979,1
3339,RESIDENTIAL,0,2,B,0,3
3340,RESIDENTIAL,1,13,D,0,5
3341,RESIDENTIAL,1,12,D,0,3
3342,RESERVE,0,1,B,0,2
3343,GREENERY,0,0,F,0,0
3344,GREENERY,0,0,B,236.853707,0
3345,GREENERY,0,0,G,0,0
3346,GREENERY,0,0,G,0,0
3347,GREENERY,0,3,G,120.399402,0
3348,GREENERY,0,0,G,0,0
3349,RESERVE,0,2,G,399.065078,0
3350,RESERVE,0,0,D,0,1
3351,TRANSPORTATION,0,1,C,0,0
3352,TRANSPORTATION,0,0,C,0,0
3353,TRANSPORTATION,0,0,B,0,0
3354,TRANSPORTATION,0,0,A,0,0
3355,RESERVE,0,0,D,0,0
3356,RESERVE,0,0,G,0,2
3357,RESERVE,0,0,G,0,0
3359,RESERVE,0,0,G,0,0
3360,RESERVE,0,0,G,0,0
3365,BUSINESS,1,13,G,0,0
3366,BUSINESS,1,34,B,0,3
3367,BUSINESS,0,1,B,0,0
3368,BUSINESS,0,1,G,0,0
3369,BUSINESS,0,2,G,0,0
3370,BUSINESS,0,0,G,0,0
3371,BUSINESS,0,1,B,0,3
3372,BUSINESS,0,3,B,0,6
3373,BUSINESS,1,10,B,0,2
3374,BUSINESS,0,0,B,0,3
3375,BUSINESS,0,5,A,0,2
3376,BUSINESS,0,5,A,0,1
3377,BUSINESS,1,10,B,706.508738,6
3378,TRANSPORTATION,0,2,B,0,4
3379,BUSINESS,0,0,B,0,0
3380,BUSINESS,0,4,B,0,0
3381,BUSINESS,0,24,B,147.50623,4
3382,BUSINESS,0,10,B,333.284179,3
3383,BUSINESS,0,0,B,154.682206,3
3384,BUSINESS,0,0,B,966.36116,2
3385,BUSINESS,0,0,B,164.535246,1
3386,BUSINESS,0,10,B,0,3
3387,BUSINESS,0,2,G,284.962777,3
3388,BUSINESS,2,0,A,593.560464,0
3389,BUSINESS,0,10,B,830.294095,2
3393,BUSINESS,0,24,A,0,3
3394,TRANSPORTATION,1,30,B,574.884353,4
3395,RESIDENTIAL,3,105,B,839.57787,3
3396,RESIDENTIAL,13,138,B,1189.313053,4
3397,RESIDENTIAL,19,27,B,1404.729411,5
3398,COMMERCIAL,3,108,B,1006.021926,3
3399,RESIDENTIAL,0,3,A,1447.055254,2
3400,RESIDENTIAL,1,0,D,93.834048,0
3401,RESIDENTIAL,8,100,B,23.833936,4
3402,RESIDENTIAL,6,0,E,462.7557,3
3403,RESIDENTIAL,0,116,E,161.339132,3
3404,RESIDENTIAL,0,0,E,568.0831,2
3405,RESIDENTIAL,1,0,E,822.654744,3
3406,RESERVE,0,0,D,0,0
3407,GREENERY,0,7,E,0,0
3408,RESIDENTIAL,0,1,E,0,0
3409,RESIDENTIAL,2,0,E,0,0
3410,RESIDENTIAL,0,50,E,57.941367,2
3411,RESERVE,0,0,E,0,2
3412,RESERVE,1,29,B,756.100136,5
3413,RESIDENTIAL,2,89,E,1721.169423,7
3414,TRANSPORTATION,2,26,E,1502.252981,2
3415,RESIDENTIAL,12,5,B,263.331221,3
3416,TRANSPORTATION,10,158,B,0,5
3417,TRANSPORTATION,8,124,B,0,3
3418,BUSINESS,3,55,A,0,5
3419,BUSINESS,1,13,F,792.951098,1
3420,RESIDENTIAL,22,52,B,1352.524345,7
3421,RESIDENTIAL,1,112,B,469.528389,2
3422,RESIDENTIAL,4,71,B,184.643533,4
3423,RESIDENTIAL,7,81,A,121.999365,4
3424,RESIDENTIAL,1,35,B,317.848213,4
3425,RESIDENTIAL,12,33,B,141.614873,5
3426,RESIDENTIAL,19,80,B,0,3
3427,RESIDENTIAL,8,34,A,0,5
3428,RESIDENTIAL,16,3,A,0,5
3429,RESIDENTIAL,2,6,A,0,4
3430,RESIDENTIAL,0,4,A,0,3
3431,RESIDENTIAL,4,28,A,0,6
3432,RESIDENTIAL,16,36,A,0,5
3433,RESIDENTIAL,3,8,B,0,4
3434,RESIDENTIAL,0,8,B,252.251528,6
3435,RESIDENTIAL,0,2,D,219.544267,0
3436,RESIDENTIAL,0,2,D,113.610402,0
3437,RESIDENTIAL,0,0,E,0,1
3438,GREENERY,0,1,E,106.890976,0
3439,GREENERY,0,0,G,0,0
3440,GREENERY,0,0,G,0,0
3441,GREENERY,0,0,G,0,0
3445,RESERVE,0,0,G,0,0
3446,RESERVE,0,8,G,0,0
3447,RESERVE,0,0,G,0,1
3448,RESERVE,0,7,B,322.791248,1
3449,TRANSPORTATION,0,0,B,0,0
3450,RESERVE,0,0,G,0,0
3451,RESERVE,0,0,G,0,0
3460,TRANSPORTATION,0,0,G,0,0
3461,BUSINESS,0,0,B,0,1
3462,BUSINESS,0,9,A,0,1
3463,BUSINESS,0,1,B,0,1
3464,RESERVE,0,0,G,0,0
3466,BUSINESS,0,6,B,0,1
3467,BUSINESS,0,2,G,0,1
3468,BUSINESS,0,14,B,0,2
3469,BUSINESS,0,1,A,0,4
3470,BUSINESS,0,2,B,0,5
3471,BUSINESS,0,2,B,0,4
3472,BUSINESS,0,12,A,0,3
3473,BUSINESS,0,2,B,0,2
3474,BUSINESS,0,0,G,0,2
3475,BUSINESS,0,0,B,0,0
3476,BUSINESS,0,0,B,57.412736,2
3477,BUSINESS,1,1,B,305.007444,6
3478,BUSINESS,0,5,A,0,2
3479,BUSINESS,0,2,B,0,0
3480,BUSINESS,0,0,G,0,1
3481,TRANSPORTATION,0,8,G,0,0
3482,TRANSPORTATION,0,0,B,0,0
3483,TRANSPORTATION,0,17,G,0,0
3484,BUSINESS,0,0,A,0,0
3485,BUSINESS,0,7,B,0,2
3486,BUSINESS,0,0,B,0,4
3490,BUSINESS,2,7,B,695.677068,0
3491,RESIDENTIAL,21,40,B,317.851274,6
3492,TRANSPORTATION,3,13,B,843.091133,2
3493,RESIDENTIAL,7,27,B,104.144917,2
3494,COMMERCIAL,1,16,B,128.41226,4
3495,COMMERCIAL,0,1,A,0,3
3496,RESIDENTIAL,5,24,B,1053.024467,5
3497,RESIDENTIAL,5,78,B,1266.303246,3
3498,TRANSPORTATION,3,95,E,1578.759354,9
3499,RESIDENTIAL,27,20,B,382.97763,3
3500,RESIDENTIAL,10,57,E,34.9408,3
3501,RESIDENTIAL,0,0,E,323.835742,2
3502,RESIDENTIAL,0,8,E,262.437107,4
3503,GREENERY,1,4,E,144.725773,2
3504,RESIDENTIAL,1,11,E,177.101771,2
3505,RESIDENTIAL,0,2,E,105.120528,1
3506,RESIDENTIAL,3,134,E,29.096901,2
3507,TRANSPORTATION,12,179,B,98.413009,4
3508,RESIDENTIAL,9,10,B,0,0
3509,RESIDENTIAL,2,9,B,0,0
3510,COMMERCIAL,1,4,E,304.541053,3
3511,TRANSPORTATION,18,168,A,29.730478,3
3512,COMMERCIAL,22,151,A,0,2
3513,TRANSPORTATION,8,204,A,116.217612,2
3514,TRANSPORTATION,4,88,B,234.103747,6
3515,RESIDENTIAL,0,2,F,239.458173,2
3516,TRANSPORTATION,0,0,F,334.619108,1
3517,TRANSPORTATION,2,13,B,669.717711,4
3518,RESIDENTIAL,5,16,B,316.038982,4
3519,RESIDENTIAL,12,125,B,221.721082,2
3520,RESIDENTIAL,8,0,B,214.508196,4
3521,RESIDENTIAL,2,42,B,141.003427,4
3522,RESIDENTIAL,1,10,B,0,2
3523,RESIDENTIAL,5,108,A,0,2
3524,RESIDENTIAL,1,34,A,105.753644,6
3525,RESIDENTIAL,4,52,A,102.988096,8
3526,RESIDENTIAL,12,56,B,416.299448,6
3527,RESIDENTIAL,0,1,B,176.131239,2
3528,RESIDENTIAL,15,12,B,248.129876,7
3529,RESIDENTIAL,3,2,B,242.597808,3
3530,GREENERY,0,62,E,798.303049,1
3531,GREENERY,0,0,G,86.755962,0
3532,GREENERY,0,0,G,0,0
3533,GREENERY,0,0,G,0,0
3556,TRANSPORTATION,0,0,G,0,0
3557,BUSINESS,0,6,F,0,1
3558,BUSINESS,0,1,A,0,1
3559,BUSINESS,0,1,F,0,0
3560,BUSINESS,0,0,B,0,0
3561,RESERVE,0,0,G,0,0
3562,BUSINESS,0,0,G,0,0
3563,BUSINESS,0,0,B,0,0
3564,BUSINESS,0,11,B,0,3
3565,BUSINESS,1,1,B,0,2
3566,BUSINESS,0,1,B,0,1
3567,BUSINESS,0,0,G,0,0
3568,BUSINESS,0,7,B,0,1
3569,BUSINESS,0,1,B,0,3
3570,BUSINESS,0,9,B,0,2
3571,BUSINESS,0,1,B,0,4
3572,BUSINESS,0,1,B,0,2
3573,BUSINESS,0,0,B,0,3
3574,BUSINESS,0,5,G,0,1
3575,BUSINESS,0,0,B,0,0
3576,TRANSPORTATION,0,0,G,0,0
3577,TRANSPORTATION,0,0,B,0,0
3578,TRANSPORTATION,0,0,G,0,0
3579,TRANSPORTATION,0,0,B,0,0
3581,BUSINESS,0,8,B,0,0
3582,BUSINESS,0,4,B,0,0
3583,BUSINESS,0,1,B,149.117527,2
3585,BUSINESS,1,4,B,158.823293,4
3586,BUSINESS,0,0,B,0,0
3587,BUSINESS,9,15,B,333.933733,4
3588,RESIDENTIAL,13,139,B,474.113651,7
3589,RESIDENTIAL,4,9,B,896.993909,3
3590,COMMERCIAL,0,123,B,490.360664,0
3591,COMMERCIAL,0,17,F,0,0
3592,RESIDENTIAL,3,24,B,0,3
3593,COMMERCIAL,1,26,E,0,2
3594,TRANSPORTATION,0,48,B,0,0
3595,BUSINESS,5,26,B,1312.301747,1
3596,RESIDENTIAL,13,9,B,745.866807,6
3597,RESIDENTIAL,0,0,A,0,0
3598,RESIDENTIAL,0,26,E,0,0
3599,RESIDENTIAL,0,9,E,0,0
3600,RESIDENTIAL,0,3,E,0,2
3601,RESIDENTIAL,0,41,E,89.848486,5
3602,RESIDENTIAL,3,17,B,59.866753,3
3603,TRANSPORTATION,15,301,A,82.313121,6
3604,COMMERCIAL,18,319,A,0,3
3605,COMMERCIAL,2,162,B,353.735332,0
3606,COMMERCIAL,0,7,E,0,0
3607,TRANSPORTATION,9,67,A,183.732051,1
3608,TRANSPORTATION,18,133,A,631.844801,7
3609,TRANSPORTATION,5,179,B,146.258422,8
3610,TRANSPORTATION,17,335,B,528.999395,7
3612,GREENERY,0,99,A,107.56105,0
3613,GREENERY,0,40,A,97.719359,1
3614,RESERVE,6,10,B,218.490632,4
3615,RESIDENTIAL,10,257,A,612.927723,2
3616,RESIDENTIAL,0,11,A,0,0
3617,RESIDENTIAL,7,21,A,109.600787,4
3618,RESIDENTIAL,2,24,F,123.901448,7
3619,RESIDENTIAL,2,195,A,505.653054,6
3620,RESIDENTIAL,9,26,B,433.081012,2
3621,RESIDENTIAL,11,17,B,220.779562,6
3622,GREENERY,1,13,B,440.682949,4
3623,GREENERY,0,0,E,0,1
3624,GREENERY,0,0,E,0,1
3625,GREENERY,0,11,G,0,0
3626,GREENERY,0,0,G,0,0
3651,TRANSPORTATION,0,0,G,0,0
3652,TRANSPORTATION,0,0,A,0,0
3653,BUSINESS,0,6,B,0,1
3654,BUSINESS,0,12,B,0,2
3655,BUSINESS,0,1,F,0,0
3656,BUSINESS,0,1,B,0,0
3657,RESERVE,0,1,B,0,0
3658,RESERVE,0,0,G,0,0
3659,BUSINESS,0,0,G,0,0
3660,BUSINESS,0,0,B,0,1
3661,RESERVE,0,0,B,0,0
3662,BUSINESS,0,1,B,0,4
3663,BUSINESS,0,7,B,0,2
3664,BUSINESS,0,0,G,0,0
3665,BUSINESS,0,0,G,0,0
3666,BUSINESS,0,2,G,0,0
3667,BUSINESS,0,1,G,0,0
3668,BUSINESS,0,0,G,0,0
3669,BUSINESS,0,0,G,0,0
3670,BUSINESS,0,0,G,0,0
3672,TRANSPORTATION,0,0,G,0,0
3673,TRANSPORTATION,0,0,G,0,0
3674,TRANSPORTATION,0,0,G,0,0
3675,TRANSPORTATION,0,0,G,0,0
3676,TRANSPORTATION,0,0,G,0,0
3677,BUSINESS,0,0,G,0,0
3678,BUSINESS,0,1,G,0,0
3679,BUSINESS,0,0,G,0,0
3680,BUSINESS,0,5,G,0,2
3681,BUSINESS,3,4,B,0,4
3682,BUSINESS,0,0,B,0,0
3683,GREENERY,0,0,E,0,0
3684,RESIDENTIAL,1,2,B,0,4
3685,GREENERY,0,6,E,311.219095,6
3686,COMMERCIAL,0,9,E,0,7
3687,COMMERCIAL,0,3,A,199.604255,4
3688,RESIDENTIAL,2,11,B,144.609697,5
3689,TRANSPORTATION,1,128,B,136.317501,7
3690,TRANSPORTATION,0,10,B,0,2
3691,RESIDENTIAL,22,83,E,0,6
3692,RESIDENTIAL,16,42,B,1061.207899,4
3693,RESIDENTIAL,0,3,B,602.707283,5
3694,RESIDENTIAL,0,2,B,44.996329,3
3695,RESIDENTIAL,0,1,E,0,1
3696,RESIDENTIAL,0,1,E,0,2
3697,RESIDENTIAL,0,0,E,0,2
3698,RESIDENTIAL,0,1,E,0,3
3699,RESIDENTIAL,3,0,B,0,2
3700,RESIDENTIAL,3,46,B,0,2
3701,RESIDENTIAL,4,116,A,53.816623,3
3702,TRANSPORTATION,1,134,B,269.564853,4
3703,TRANSPORTATION,2,264,A,116.804963,9
3704,TRANSPORTATION,22,438,A,0,13
3705,TRANSPORTATION,2,125,A,724.290687,8
3706,RESERVE,0,9,E,212.624018,2
3710,RESIDENTIAL,0,26,E,0,4
3711,RESIDENTIAL,1,0,E,0,4
3712,RESIDENTIAL,1,0,B,0,5
3713,RESIDENTIAL,11,1,E,0,4
3714,RESIDENTIAL,2,4,E,685.125313,2
3715,GREENERY,0,0,G,145.051753,0
3716,GREENERY,0,8,G,308.69293,1
3717,GREENERY,0,0,G,66.344589,0
3718,GREENERY,0,1,G,0,0
3747,TRANSPORTATION,0,0,G,0,0
3748,TRANSPORTATION,1,1,B,0,1
3749,BUSINESS,0,16,A,0,0
3750,BUSINESS,1,1,F,0,0
3751,BUSINESS,0,1,B,0,2
3752,BUSINESS,0,1,F,0,1
3753,BUSINESS,0,1,F,0,0
3754,RESERVE,0,0,G,0,0
3756,BUSINESS,0,0,G,0,0
3757,RESERVE,0,0,G,0,0
3758,RESERVE,0,0,B,0,0
3759,BUSINESS,0,0,B,0,2
3760,BUSINESS,0,0,G,0,0
3761,BUSINESS,0,0,G,0,0
3767,BUSINESS,0,0,G,0,0
3768,TRANSPORTATION,0,0,G,0,0
3777,BUSINESS,0,0,G,0,0
3779,GREENERY,0,0,G,0,0
3780,GREENERY,0,4,E,781.193027,4
3781,RESIDENTIAL,1,14,B,174.450919,8
3782,COMMERCIAL,2,10,B,0,1
3783,COMMERCIAL,0,0,E,0,0
3784,COMMERCIAL,0,59,A,550.104739,7
3785,BUSINESS,0,25,B,824.48205,7
3786,BUSINESS,0,5,F,0,1
3787,RESIDENTIAL,1,9,E,0,3
3788,RESIDENTIAL,1,4,B,430.308846,3
3789,RESIDENTIAL,13,59,B,1630.370955,7
3790,RESIDENTIAL,3,35,B,435.685692,5
3791,RESERVE,4,12,E,92.841625,6
3792,RESIDENTIAL,0,12,B,81.012746,0
3793,RESIDENTIAL,0,0,B,38.367331,0
3794,RESIDENTIAL,7,18,B,390.712491,5
3795,RESIDENTIAL,0,98,B,291.771863,5
3796,RESIDENTIAL,2,11,B,0,2
3797,RESIDENTIAL,10,47,A,0,6
3798,GREENERY,3,4,B,361.59671,3
3799,TRANSPORTATION,0,95,A,0,9
3800,TRANSPORTATION,2,250,B,29.240619,3
3801,COMMERCIAL,0,260,A,507.10091,8
3802,TRANSPORTATION,0,0,B,3905.033959,0
3803,GREENERY,0,4,F,1017.799659,0
3804,RESERVE,0,2,F,159.742519,0
3805,RESERVE,0,0,C,0,1
3806,RESERVE,0,0,C,204.713329,0
3807,RESERVE,0,1,D,1000.322536,0
3808,RESERVE,2,0,D,0,1
3809,GREENERY,0,0,G,0,1
3810,GREENERY,0,0,G,223.40147,0
3811,GREENERY,0,0,G,0,0
3843,BUSINESS,0,0,G,0,0
3844,BUSINESS,0,0,F,0,0
3845,BUSINESS,0,14,A,0,2
3846,BUSINESS,0,0,F,0,1
3847,BUSINESS,0,0,B,0,2
3848,TRANSPORTATION,0,0,B,0,1
3849,TRANSPORTATION,0,0,B,0,0
3850,BUSINESS,0,0,B,0,0
3854,BUSINESS,0,11,G,0,0
3855,BUSINESS,0,0,G,0,0
3857,BUSINESS,0,0,G,0,0
3858,BUSINESS,0,0,G,0,0
3859,BUSINESS,0,0,B,0,0
3860,BUSINESS,0,0,F,0,0
3861,BUSINESS,0,0,G,0,0
3862,BUSINESS,0,0,G,0,0
3863,BUSINESS,0,0,B,0,0
3864,BUSINESS,0,0,B,0,0
3865,BUSINESS,0,1,B,0,0
3866,BUSINESS,0,0,B,0,0
3867,BUSINESS,0,0,G,0,0
3875,TRANSPORTATION,0,0,G,0,0
3876,TRANSPORTATION,0,0,B,31.693685,0
3877,TRANSPORTATION,5,1,B,764.953407,6
3878,RESIDENTIAL,0,2,E,86.168801,6
3879,BUSINESS,0,5,B,0,6
3880,BUSINESS,0,46,D,0,2
3881,BUSINESS,0,14,E,0,6
3882,BUSINESS,0,6,A,557.352024,6
3883,RESIDENTIAL,0,0,D,0,1
3884,RESIDENTIAL,5,14,F,216.649553,5
3885,RESIDENTIAL,11,47,B,188.63865,3
3886,BUSINESS,9,11,B,849.725485,6
3887,RESIDENTIAL,3,27,B,1175.204802,7
3888,RESIDENTIAL,14,19,B,1297.692452,11
3889,RESIDENTIAL,5,15,B,382.432726,4
3890,RESIDENTIAL,38,116,B,182.611365,5
3891,RESIDENTIAL,7,10,B,168.410219,5
3892,TRANSPORTATION,6,73,B,263.116654,4
3893,TRANSPORTATION,12,78,A,501.492512,2
3894,TRANSPORTATION,1,191,A,625.993791,7
3895,COMMERCIAL,10,120,A,428.932681,8
3896,RESERVE,0,38,F,995.865588,4
3897,COMMERCIAL,0,122,A,1217.010686,3
3900,RESERVE,0,0,F,0,0
3901,RESERVE,0,0,D,0,0
3902,RESERVE,0,0,F,0,0
3903,RESERVE,0,0,D,0,0
3904,RESERVE,0,0,G,0,0
3940,BUSINESS,0,0,B,0,0
3941,BUSINESS,0,7,F,95.201092,0
3942,BUSINESS,0,0,F,0,0
3943,BUSINESS,0,0,F,0,0
3944,BUSINESS,0,4,B,0,0
3945,TRANSPORTATION,0,0,B,0,0
3946,TRANSPORTATION,0,0,C,0,0
3947,TRANSPORTATION,0,0,G,0,0
3952,BUSINESS,0,0,G,0,0
3953,BUSINESS,0,0,G,0,0
3954,BUSINESS,0,0,B,0,0
3955,BUSINESS,0,0,B,0,0
3956,BUSINESS,0,0,G,0,0
3957,BUSINESS,0,0,G,0,0
3958,BUSINESS,0,0,G,0,0
3959,BUSINESS,0,0,B,0,0
3960,BUSINESS,0,0,B,0,0
3961,BUSINESS,0,0,F,0,0
3962,BUSINESS,0,0,F,0,0
3963,BUSINESS,0,0,G,0,0
3964,TRANSPORTATION,0,0,G,0,0
3969,TRANSPORTATION,0,0,G,0,0
3970,TRANSPORTATION,0,0,G,0,0
3971,TRANSPORTATION,0,0,G,0,0
3972,TRANSPORTATION,0,0,G,0,0
3973,TRANSPORTATION,0,0,B,0,0
3974,TRANSPORTATION,0,0,B,0,0
3975,BUSINESS,0,12,B,0,4
3976,BUSINESS,0,20,A,217.792529,4
3977,GREENERY,0,1,D,0,4
3978,GREENERY,0,0,D,0,2
3979,RESIDENTIAL,0,0,E,0,0
3980,RESIDENTIAL,0,1,E,428.19057,1
3981,BUSINESS,5,155,B,375.377471,3
3982,BUSINESS,9,29,B,163.874525,4
3983,COMMERCIAL,6,57,B,133.625925,7
3984,RESIDENTIAL,26,176,B,74.8609,4
3985,RESIDENTIAL,11,100,E,320.606255,7
3986,RESIDENTIAL,16,98,E,0,3
3987,RESIDENTIAL,15,130,B,0,4
3988,RESIDENTIAL,3,36,B,771.198732,3
3989,RESIDENTIAL,14,148,E,384.473241,3
3990,TRANSPORTATION,2,351,B,882.113798,7
3991,COMMERCIAL,21,355,G,56.749921,3
3996,RESERVE,0,0,F,0,0
3997,RESERVE,0,0,F,0,0
3998,RESERVE,0,0,C,0,0
4034,BUSINESS,0,0,G,0,0
4035,BUSINESS,0,0,B,0,0
4036,BUSINESS,0,0,F,117.753525,0
4037,BUSINESS,0,1,F,0,0
4038,BUSINESS,0,1,F,0,0
4039,BUSINESS,0,0,B,0,0
4040,BUSINESS,0,0,B,0,0
4041,TRANSPORTATION,0,0,G,0,0
4042,TRANSPORTATION,0,0,G,0,0
4043,TRANSPORTATION,0,0,G,0,0
4046,BUSINESS,0,0,G,0,0
4047,BUSINESS,0,0,F,0,0
4048,BUSINESS,0,0,F,0,0
4049,BUSINESS,0,1,F,0,0
4050,BUSINESS,0,0,B,0,0
4051,BUSINESS,0,0,G,0,0
4052,BUSINESS,0,0,G,0,0
4053,BUSINESS,0,0,B,0,0
4054,BUSINESS,0,0,B,0,0
4055,BUSINESS,0,0,F,0,0
4056,BUSINESS,0,0,B,0,0
4057,BUSINESS,0,0,B,0,0
4058,BUSINESS,0,0,B,0,0
4059,TRANSPORTATION,0,2,B,0,0
4060,TRANSPORTATION,0,0,B,0,0
4061,TRANSPORTATION,0,0,B,0,0
4065,TRANSPORTATION,0,0,G,0,0
4066,TRANSPORTATION,0,0,B,0,0
4067,TRANSPORTATION,0,0,B,0,0
4068,TRANSPORTATION,0,0,B,0,0
4069,TRANSPORTATION,0,0,B,0,0
4070,TRANSPORTATION,0,0,B,0,0
4071,TRANSPORTATION,0,0,B,0,0
4072,TRANSPORTATION,0,0,B,1794.460455,7
4073,RESIDENTIAL,2,13,B,174.324122,6
4074,RESIDENTIAL,0,1,A,0,0
4075,RESIDENTIAL,0,1,B,0,0
4076,RESIDENTIAL,0,2,E,0,2
4077,RESIDENTIAL,0,17,E,0,3
4078,RESIDENTIAL,2,24,D,0,2
4079,GREENERY,1,16,D,198.069006,2
4080,TRANSPORTATION,3,29,E,569.719585,5
4081,TRANSPORTATION,9,35,E,646.560185,5
4082,RESIDENTIAL,14,53,E,560.215972,5
4083,TRANSPORTATION,6,31,A,468.612562,0
4084,COMMERCIAL,0,21,A,464.778314,2
4085,TRANSPORTATION,19,347,A,74.903076,7
4086,COMMERCIAL,6,491,A,0,3
4087,COMMERCIAL,5,318,B,0,6
4088,RESERVE,0,100,B,0,3
4089,RESERVE,0,88,F,339.879444,2
4090,GREENERY,0,0,F,126.434501,0
4091,GREENERY,0,1,B,0,2
4093,RESERVE,0,0,G,0,0
4094,RESERVE,0,0,G,0,0
4130,BUSINESS,0,0,G,0,0
4131,BUSINESS,0,0,F,0,0
4132,BUSINESS,0,1,B,0,0
4133,BUSINESS,0,0,B,0,0
4134,BUSINESS,0,0,F,223.444847,0
4135,BUSINESS,0,0,B,74.541281,0
4136,BUSINESS,0,0,B,0,0
4140,BUSINESS,0,0,G,0,0
4141,BUSINESS,0,0,G,0,0
4142,BUSINESS,0,1,B,0,0
4143,BUSINESS,0,0,F,0,0
4144,BUSINESS,0,0,F,0,0
4145,BUSINESS,0,0,B,0,0
4146,BUSINESS,0,0,F,0,0
4147,BUSINESS,0,0,G,0,0
4148,BUSINESS,0,0,B,0,0
4149,BUSINESS,0,0,B,0,0
4150,BUSINESS,0,0,B,0,0
4151,BUSINESS,0,0,B,0,0
4152,BUSINESS,0,0,B,0,0
4153,BUSINESS,0,0,B,0,1
4154,BUSINESS,0,1,B,0,0
4155,TRANSPORTATION,0,0,B,0,0
4156,TRANSPORTATION,0,0,B,0,0
4157,BUSINESS,0,0,B,0,0
4158,BUSINESS,0,0,B,0,0
4162,TRANSPORTATION,0,0,G,0,0
4163,TRANSPORTATION,0,0,B,0,0
4164,TRANSPORTATION,0,0,B,0,0
4165,TRANSPORTATION,0,22,B,0,0
4166,TRANSPORTATION,0,0,B,0,0
4167,TRANSPORTATION,0,0,G,0,0
4168,TRANSPORTATION,0,0,B,18.404031,0
4169,TRANSPORTATION,3,0,B,1019.64485,2
4170,TRANSPORTATION,0,60,B,1183.306677,4
4171,BUSINESS,2,32,B,1097.338184,2
4172,BUSINESS,0,76,B,191.87555,5
4173,RESERVE,0,15,D,0,0
4174,RESIDENTIAL,17,14,B,0,5
4175,GREENERY,11,4,D,0,4
4176,GREENERY,11,87,E,5.838335,5
4177,RESIDENTIAL,7,16,B,492.650135,5
4178,RESIDENTIAL,22,11,E,785.1362,1
4179,RESIDENTIAL,5,25,B,349.347762,5
4180,RESIDENTIAL,5,42,A,356.909465,6
4181,RESIDENTIAL,15,165,B,132.330757,5
4182,COMMERCIAL,2,316,A,0,5
4183,TRANSPORTATION,0,79,B,105.971186,3
4184,RESERVE,0,53,B,0,1
4185,RESERVE,0,0,F,0,2
4186,RESERVE,0,0,F,0,2
4187,RESERVE,0,0,F,0,0
4188,RESERVE,0,0,G,0,0
4225,BUSINESS,0,0,G,0,0
4226,BUSINESS,0,0,C,0,0
4227,BUSINESS,0,0,B,0,0
4228,BUSINESS,0,4,B,0,0
4229,BUSINESS,0,0,B,0,0
4230,BUSINESS,0,0,B,0,0
4231,BUSINESS,0,29,B,26.283575,0
4232,BUSINESS,0,0,B,0,0
4233,BUSINESS,0,0,G,0,0
4235,BUSINESS,0,0,G,0,0
4236,BUSINESS,0,0,G,0,0
4237,BUSINESS,0,0,F,0,0
4238,BUSINESS,0,0,B,0,0
4239,BUSINESS,0,0,B,0,0
4240,BUSINESS,0,0,B,0,0
4241,BUSINESS,0,0,B,0,0
4242,BUSINESS,0,0,F,0,0
4243,BUSINESS,0,3,B,0,0
4244,BUSINESS,0,0,B,0,0
4245,BUSINESS,0,0,B,0,0
4246,BUSINESS,0,0,B,0,0
4247,BUSINESS,0,0,B,0,0
4248,BUSINESS,0,1,B,0,0
4249,BUSINESS,0,0,B,0,0
4250,BUSINESS,0,0,F,0,0
4251,BUSINESS,0,0,B,0,0
4252,BUSINESS,0,1,B,0,0
4253,BUSINESS,0,0,B,0,0
4254,BUSINESS,0,0,B,0,0
4255,BUSINESS,0,0,G,0,0
4259,TRANSPORTATION,0,0,G,0,0
4260,TRANSPORTATION,0,0,B,0,0
4261,TRANSPORTATION,0,0,B,0,0
4262,TRANSPORTATION,0,0,B,0,0
4264,TRANSPORTATION,0,0,G,0,0
4265,TRANSPORTATION,0,0,B,0,0
4266,TRANSPORTATION,0,0,B,0,0
4267,RESERVE,0,2,B,11.366924,1
4268,TRANSPORTATION,0,35,B,985.593269,4
4269,RESIDENTIAL,0,5,B,1501.352713,3
4270,RESIDENTIAL,13,69,B,1662.749346,6
4271,GREENERY,1,7,E,641.407257,4
4272,GREENERY,0,5,D,0,1
4273,RESIDENTIAL,16,27,E,169.019853,7
4274,RESERVE,12,24,E,0,4
4275,RESERVE,0,1,B,2782.694044,3
4276,RESERVE,0,8,B,1196.097388,2
4277,RESERVE,3,45,B,1052.872355,5
4278,RESERVE,5,29,B,1624.715725,2
4279,RESERVE,0,0,B,1499.352516,1
4280,RESERVE,0,0,G,1171.203718,0
4281,RESERVE,0,2,F,0,0
4282,RESERVE,0,2,F,0,2
4283,RESERVE,0,0,G,0,0
4321,BUSINESS,0,0,G,0,0
4322,BUSINESS,0,0,C,0,0
4323,TRANSPORTATION,0,0,C,0,0
4324,BUSINESS,0,0,C,0,0
4325,BUSINESS,0,0,C,0,0
4326,BUSINESS,0,0,B,0,0
4327,BUSINESS,0,0,C,0,0
4328,BUSINESS,0,0,C,0,0
4329,BUSINESS,0,0,C,0,0
4331,BUSINESS,0,0,G,0,0
4332,BUSINESS,0,0,G,0,0
4333,BUSINESS,0,0,C,0,0
4334,BUSINESS,0,0,B,0,0
4335,BUSINESS,0,1,B,0,0
4336,BUSINESS,0,0,F,0,0
4337,BUSINESS,0,0,F,0,0
4338,BUSINESS,0,0,B,0,0
4339,BUSINESS,0,0,B,0,0
4340,BUSINESS,0,0,B,0,0
4341,BUSINESS,0,0,B,0,0
4342,BUSINESS,0,0,B,0,0
4343,BUSINESS,0,12,G,0,0
4344,BUSINESS,0,0,B,0,0
4345,BUSINESS,0,0,B,0,0
4346,BUSINESS,0,1,B,0,0
4347,BUSINESS,0,0,B,0,0
4348,BUSINESS,0,0,G,0,0
4349,BUSINESS,0,0,G,0,0
4357,TRANSPORTATION,0,0,G,0,0
4358,TRANSPORTATION,0,0,G,0,0
4360,TRANSPORTATION,0,0,G,0,0
4361,TRANSPORTATION,0,0,B,0,0
4362,TRANSPORTATION,0,0,B,0,0
4363,RESERVE,0,0,G,0,0
4364,GREENERY,0,1,D,0,1
4365,RESIDENTIAL,0,1,F,0,1
4366,RESIDENTIAL,0,7,F,0,0
4367,RESIDENTIAL,0,3,B,711.357274,0
4368,RESERVE,0,50,D,1623.777956,5
4369,GREENERY,0,3,E,1412.627951,3
4370,RESERVE,0,3,B,2209.85836,4
4371,RESERVE,0,0,B,0,0
4372,RESERVE,0,0,B,0,0
4373,RESERVE,0,0,B,0,0
4374,RESERVE,0,0,B,0,0
4375,RESERVE,0,0,B,0,0
4376,RESERVE,0,0,G,0,0
4377,RESERVE,0,2,G,0,1
4378,GREENERY,0,0,G,0,0
4417,BUSINESS,0,0,G,0,0
4418,BUSINESS,0,0,G,0,0
4419,TRANSPORTATION,0,0,G,0,0
4420,BUSINESS,0,0,G,0,0
4421,BUSINESS,0,0,B,0,0
4422,BUSINESS,0,0,B,0,0
4423,BUSINESS,0,0,G,0,0
4424,BUSINESS,0,0,G,0,0
4425,BUSINESS,0,0,G,0,0
4428,BUSINESS,0,0,G,0,0
4429,BUSINESS,0,0,C,0,0
4430,BUSINESS,0,1,B,0,0
4431,BUSINESS,0,0,B,0,0
4432,BUSINESS,0,1,B,0,0
4433,BUSINESS,0,0,B,0,0
4434,BUSINESS,0,0,B,0,0
4435,BUSINESS,0,0,G,0,0
4436,BUSINESS,0,0,G,0,0
4437,BUSINESS,0,0,A,0,0
4438,BUSINESS,0,1,B,0,0
4439,BUSINESS,0,0,B,0,0
4440,BUSINESS,0,0,B,0,0
4441,BUSINESS,0,0,G,0,0
4442,BUSINESS,0,0,G,0,0
4443,BUSINESS,0,0,B,0,0
4444,BUSINESS,0,0,G,0,0
4445,BUSINESS,0,0,G,0,0
4455,TRANSPORTATION,0,0,G,0,0
4456,TRANSPORTATION,0,0,B,0,0
4457,TRANSPORTATION,0,0,B,0,0
4458,TRANSPORTATION,0,0,G,0,0
4460,GREENERY,0,0,G,0,0
4461,GREENERY,0,0,G,0,0
4462,GREENERY,0,0,G,0,0
4463,RESIDENTIAL,0,2,G,0,0
4464,COMMERCIAL,0,70,G,0,1
4465,COMMERCIAL,0,178,G,1796.966481,0
4466,RESERVE,0,0,B,0,0
4467,RESERVE,0,0,B,0,0
4468,RESERVE,0,0,B,0,0
4469,RESERVE,0,0,G,0,0
4470,RESERVE,0,0,G,0,0
4471,RESERVE,0,0,G,0,0
4473,TRANSPORTATION,0,0,G,0,0
4474,TRANSPORTATION,0,0,G,0,0
4513,BUSINESS,0,0,G,0,0
4514,BUSINESS,0,0,B,0,0
4515,TRANSPORTATION,0,0,G,0,0
4524,BUSINESS,0,0,G,0,0
4525,BUSINESS,0,0,C,0,0
4526,BUSINESS,0,0,B,0,0
4527,BUSINESS,0,0,F,0,0
4528,BUSINESS,0,0,F,0,0
4529,BUSINESS,0,0,B,0,0
4530,BUSINESS,0,0,B,0,0
4531,BUSINESS,0,0,G,0,0
4532,BUSINESS,0,0,G,0,0
4533,BUSINESS,0,0,B,0,0
4534,BUSINESS,0,0,B,0,0
4535,BUSINESS,0,0,B,0,1
4536,BUSINESS,0,0,B,0,0
4537,BUSINESS,0,0,G,0,0
4538,BUSINESS,0,0,G,0,0
4539,BUSINESS,0,0,G,0,0
4551,TRANSPORTATION,0,0,G,0,0
4552,TRANSPORTATION,0,0,B,0,0
4553,TRANSPORTATION,0,0,B,0,0
4557,GREENERY,0,0,G,0,0
4558,GREENERY,0,11,G,0,0
4559,RESERVE,0,2,D,0,0
4560,RESERVE,0,68,A,0,0
4561,RESERVE,0,12,B,2260.762599,0
4562,RESERVE,0,6,G,0,0
4563,RESERVE,0,4,D,0,0
4564,RESERVE,0,0,B,0,0
4565,RESERVE,0,0,B,0,0
4609,BUSINESS,0,0,G,0,0
4610,BUSINESS,0,0,G,0,0
4611,TRANSPORTATION,0,0,C,0,0
4612,TRANSPORTATION,0,0,G,0,0
4613,TRANSPORTATION,0,0,G,0,0
4614,TRANSPORTATION,0,0,G,0,0
4615,TRANSPORTATION,0,0,G,0,0
4616,TRANSPORTATION,0,0,G,0,0
4617,TRANSPORTATION,0,0,G,0,0
4620,BUSINESS,0,0,G,0,0
4621,BUSINESS,0,0,B,0,0
4622,BUSINESS,0,2,C,0,0
4623,BUSINESS,0,0,F,0,0
4624,BUSINESS,0,0,F,0,0
4625,BUSINESS,0,0,F,0,0
4626,BUSINESS,0,0,F,0,0
4627,BUSINESS,0,0,G,0,0
4628,BUSINESS,0,0,G,0,0
4629,BUSINESS,0,0,C,0,0
4630,BUSINESS,0,1,B,0,0
4631,BUSINESS,0,0,G,0,0
4632,BUSINESS,0,0,G,0,0
4648,TRANSPORTATION,0,0,G,0,0
4649,TRANSPORTATION,0,0,G,0,0
4654,GREENERY,0,0,G,0,0
4655,COMMERCIAL,0,9,E,0,0
4656,GREENERY,0,70,E,1059.439064,0
4657,RESERVE,0,3,B,218.359882,1
4658,GREENERY,0,0,B,0,0
4659,GREENERY,0,0,G,0,0
4660,GREENERY,0,0,G,0,0
4661,GREENERY,0,0,G,0,0
4662,RESIDENTIAL,0,0,G,0,0
4663,RESIDENTIAL,0,0,G,0,0
4705,BUSINESS,0,0,G,0,0
4706,BUSINESS,0,0,B,0,0
4707,TRANSPORTATION,0,0,C,0,0
4708,TRANSPORTATION,0,0,C,0,0
4709,TRANSPORTATION,0,0,C,0,0
4710,TRANSPORTATION,0,0,G,0,0
4711,TRANSPORTATION,0,0,G,0,0
4712,TRANSPORTATION,0,0,G,0,0
4713,TRANSPORTATION,0,0,G,0,0
4717,BUSINESS,0,0,G,0,0
4718,BUSINESS,0,0,C,0,0
4719,BUSINESS,0,0,F,0,0
4720,BUSINESS,0,0,F,0,0
4721,BUSINESS,0,0,B,0,0
4722,BUSINESS,0,0,F,0,0
4723,BUSINESS,0,0,G,0,0
4724,BUSINESS,0,0,G,0,0
4725,BUSINESS,0,0,G,0,0
4751,RESERVE,0,0,G,0,0
4752,GREENERY,0,13,G,9.494961,0
4753,COMMERCIAL,0,12,E,0,0
4754,GREENERY,0,2,E,0,0
4755,RESERVE,0,0,D,0,0
4756,RESERVE,0,0,D,0,0
4757,GREENERY,0,16,F,0,0
4758,RESIDENTIAL,0,0,G,0,0
4759,RESIDENTIAL,0,0,G,0,0
4801,BUSINESS,0,0,G,0,0
4802,BUSINESS,0,9,B,0,0
4803,TRANSPORTATION,0,1,G,0,0
4804,TRANSPORTATION,0,0,G,0,0
4805,TRANSPORTATION,0,0,G,0,0
4806,TRANSPORTATION,0,0,G,0,0
4807,TRANSPORTATION,0,0,G,0,0
4808,TRANSPORTATION,0,0,G,0,0
4809,TRANSPORTATION,0,0,G,0,0
4813,BUSINESS,0,0,G,0,0
4814,BUSINESS,0,0,G,0,0
4815,BUSINESS,0,0,F,0,0
4816,BUSINESS,0,0,F,0,0
4817,BUSINESS,0,0,F,0,0
4818,BUSINESS,0,0,F,0,0
4819,BUSINESS,0,0,A,0,0
4849,COMMERCIAL,0,4,G,0,0
4850,COMMERCIAL,0,14,G,0,0
4851,GREENERY,0,0,F,0,0
4852,GREENERY,0,7,G,0,0
4854,RESIDENTIAL,0,0,G,0,0
4855,GREENERY,0,0,G,0,0
4856,GREENERY,0,0,G,0,0
4897,RESERVE,0,0,G,0,0
4898,RESERVE,0,3,G,0,0
4899,TRANSPORTATION,0,0,G,0,0
4900,TRANSPORTATION,0,0,G,0,0
4901,TRANSPORTATION,0,0,G,0,0
4902,TRANSPORTATION,0,0,G,0,0
4903,TRANSPORTATION,0,0,G,0,0
4904,TRANSPORTATION,0,0,G,0,0
4905,TRANSPORTATION,0,0,G,0,0
4906,TRANSPORTATION,0,0,G,0,0
4910,BUSINESS,0,0,G,0,0
4911,BUSINESS,0,0,F,0,0
4912,BUSINESS,0,0,F,0,0
4913,BUSINESS,0,0,F,0,0
4914,BUSINESS,0,0,F,0,0
4915,BUSINESS,0,0,A,0,0
4916,BUSINESS,0,0,G,0,0
4931,BUSINESS,0,0,B,0,0
4932,BUSINESS,0,0,B,0,0
4933,BUSINESS,0,0,G,0,0
4946,GREENERY,0,0,G,0,0
4947,GREENERY,0,0,G,0,0
4948,RESIDENTIAL,0,0,G,0,0
4949,RESIDENTIAL,0,0,G,0,0
4950,GREENERY,0,0,G,0,0
4951,GREENERY,0,0,G,0,0
4952,GREENERY,0,0,G,0,0
4993,RESERVE,0,0,G,0,0
4994,RESERVE,0,0,C,0,0
4995,TRANSPORTATION,0,0,G,0,0
4996,TRANSPORTATION,0,0,G,0,0
4997,TRANSPORTATION,0,0,G,0,0
4998,TRANSPORTATION,0,0,G,0,0
4999,TRANSPORTATION,0,0,G,0,0
5000,TRANSPORTATION,0,0,G,0,0
5001,TRANSPORTATION,0,0,G,0,0
5002,TRANSPORTATION,0,0,G,0,0
5006,BUSINESS,0,0,G,0,0
5007,TRANSPORTATION,0,0,B,0,0
5008,TRANSPORTATION,0,0,B,0,0
5009,BUSINESS,0,0,F,0,0
5010,BUSINESS,0,1,A,0,0
5011,BUSINESS,0,0,G,0,0
5022,BUSINESS,0,0,G,0,0
5023,BUSINESS,0,0,B,0,0
5024,BUSINESS,0,0,B,0,0
5025,BUSINESS,0,0,B,0,0
5026,BUSINESS,0,0,G,0,0
5027,BUSINESS,0,0,B,0,0
5028,BUSINESS,0,0,B,0,0
5029,BUSINESS,0,0,B,0,0
5030,BUSINESS,0,0,G,0,0
5043,GREENERY,0,0,G,0,0
5044,GREENERY,0,0,G,0,0
5046,GREENERY,0,0,G,0,0
5089,RESERVE,0,0,C,0,0
5090,RESERVE,0,0,C,0,0
5091,TRANSPORTATION,0,0,B,0,0
5092,TRANSPORTATION,0,0,G,0,0
5093,TRANSPORTATION,0,0,G,0,0
5094,TRANSPORTATION,0,0,G,0,0
5095,TRANSPORTATION,0,0,G,0,0
5096,TRANSPORTATION,0,0,G,0,0
5097,TRANSPORTATION,0,0,G,0,0
5098,TRANSPORTATION,0,0,G,0,0
5104,TRANSPORTATION,0,0,G,0,0
5105,BUSINESS,0,0,F,0,0
5106,BUSINESS,0,0,F,0,0
5119,BUSINESS,0,0,B,0,0
5120,BUSINESS,0,0,B,0,0
5121,BUSINESS,0,0,B,0,0
5122,BUSINESS,0,0,B,0,0
5123,BUSINESS,0,0,G,0,0
5124,BUSINESS,0,0,B,0,0
5125,BUSINESS,0,0,B,0,0
5126,BUSINESS,0,0,B,0,0
5127,BUSINESS,0,0,G,0,0
5140,GREENERY,0,0,G,0,0
5141,GREENERY,0,0,G,0,0
5142,RESERVE,0,0,G,0,0
5143,RESERVE,0,0,G,0,0
5144,RESERVE,0,0,G,0,0
5145,RESERVE,0,0,G,0,0
5185,RESERVE,0,0,C,0,0
5186,RESERVE,0,0,C,0,0
5187,TRANSPORTATION,0,0,G,0,0
5199,BUSINESS,0,0,G,0,0
5200,BUSINESS,0,0,B,0,0
5201,BUSINESS,0,0,G,0,0
5216,RESERVE,0,0,G,0,0
5217,RESERVE,0,0,G,0,0
5218,BUSINESS,0,0,G,0,0
5219,BUSINESS,0,0,G,0,0
5220,BUSINESS,0,0,B,0,0
5221,BUSINESS,0,0,G,0,0
5222,BUSINESS,0,0,G,0,0
5223,BUSINESS,0,0,G,0,0
5236,GREENERY,0,0,G,0,0
5237,GREENERY,0,0,G,0,0
5238,RESERVE,0,0,G,0,0
5239,RESERVE,0,0,G,0,0
5240,RESERVE,0,0,D,0,0
5241,GREENERY,0,0,G,0,0
5242,GREENERY,0,0,G,0,0
5281,RESERVE,0,0,G,0,0
5282,RESERVE,0,0,C,0,0
5283,TRANSPORTATION,0,0,G,0,0
5284,TRANSPORTATION,0,0,G,0,0
5285,TRANSPORTATION,0,0,G,0,0
5286,TRANSPORTATION,0,0,G,0,0
5287,TRANSPORTATION,0,0,G,0,0
5288,TRANSPORTATION,0,0,G,0,0
5289,TRANSPORTATION,0,0,G,0,0
5290,TRANSPORTATION,0,0,G,0,0
5291,TRANSPORTATION,0,0,G,0,0
5292,TRANSPORTATION,0,0,G,0,0
5295,BUSINESS,0,0,G,0,0
5296,BUSINESS,0,0,G,0,0
5312,RESERVE,0,0,G,0,0
5313,RESERVE,0,0,G,0,0
5314,RESERVE,0,0,G,0,0
5319,BUSINESS,0,0,G,0,0
5333,RESERVE,0,0,G,0,0
5334,RESERVE,0,0,G,0,0
5335,RESERVE,0,0,G,0,0
5336,GREENERY,0,0,D,0,0
5337,GREENERY,0,0,G,0,0
5338,GREENERY,0,0,G,0,0
